Workbook

Sheet SUMMARY
A1: SEPTEMBER 2026 DAYRATE PAYMENT SCHEDULE
A2: COMPANY | B2: HEADCOUNT | C2: GROSS AMOUNT | D2: AMOUNT PAYABLE
A3: DLE | B3: 180 | C3: 63654567 | D3: 60471839
A4: DLPC | B4: 7 | C4: 1490518.8 | D4: 1415992.8
A5: Total | B5: 187 | C5: 65145086 | D5: 61887831

Sheet DLE
A1: Contractor Code | B1: First Name | C1: Last Name | D1: Job Title | E1: Location | F1: Daily Rate | G1: AGE | H1: Gender | I1: Total Weekday | J1: Weekday OVT | K1: Total Saturday | L1: Total Sunday | M1: Night Worked | N1: Wkd Earning | O1: Wkd Ovt Amt | P1: Sat Ovt Amt | Q1: Sun Ovt Amt | R1: Night Amt | S1: Meal Allowance | T1: Transport | U1: Site Allowance | V1: TCM Meal | W1: TCM TRANSPORT | X1: Arrears | Y1: Total Earnings | Z1: WHT | AA1: Gross Amount | AB1: Amount Payable
A2: C0129 | B2: AGWU OKWARA | C2: KALU | D2: GRINDER/PWHT ASSISTANT | E2: IDI_ORO | F2: 13050 | G2: 63 | H2: M | I2: 21 | K2: 22.4 | L2: 1 | N2: 274050 | P2: 54810 | Q2: 3262.5 | S2: 10500 | Y2: 371985 | Z2: 18599.25 | AA2: 371985 | AB2: 353385.75
A3: C0293 | B3: OLAKUNLE | C3: OLANIYAN | D3: ELECTRICIAN | E3: IDI_ORO | F3: 10250 | G3: 57 | H3: M | I3: 21 | J3: 2 | K3: 32 | L3: 60 | M3: 5 | N3: 215250 | O3: 3843.75 | P3: 61500 | Q3: 153750 | R3: 7500 | S3: 10500 | Y3: 475406.25 | Z3: 23770.31 | AA3: 475406.25 | AB3: 451635.94
A4: C0585 | B4: BELLO | C4: FEMI | D4: SCAFFOLDER SUPERVISOR | E4: IDI_ORO | F4: 16200 | G4: 61 | H4: M | I4: 21 | K4: 19.6 | L4: 9.3 | N4: 340200 | P4: 59535 | Q4: 37665 | S4: 10500 | Y4: 451950 | Z4: 22597.5 | AA4: 451950 | AB4: 429352.5
A5: C0695 | B5: JULIUS | C5: AWOYEMI | D5: ELECTRICIAN | E5: AGEGE | F5: 10250 | G5: 48 | H5: M | I5: 21 | J5: 13.6 | K5: 28 | L5: 39 | N5: 215250 | O5: 26137.5 | P5: 53812.5 | Q5: 99937.5 | S5: 10500 | Y5: 423575 | Z5: 21178.75 | AA5: 423575 | AB5: 402396.25
A6: C0974 | B6: STEPHEN | C6: ETUERI | D6: MACHINE SHOP SUPRITENDENT | E6: IDI_ORO | F6: 17850 | G6: 78 | H6: M | I6: 21 | L6: 1 | N6: 374850 | Q6: 4462.5 | S6: 10500 | Y6: 425512.5 | Z6: 21275.63 | AA6: 425512.5 | AB6: 404236.87
A7: C1001 | B7: JIMOH | C7: GBADAMOSI | D7: BLASTER& PAINTER SUPERVISOR | E7: AGEGE | F7: 19500 | G7: 57 | H7: M | I7: 20 | K7: 7 | N7: 390000 | P7: 25593.75 | S7: 10000 | Y7: 459718.75 | Z7: 22985.94 | AA7: 459718.75 | AB7: 436732.81
A8: C1035 | B8: DONATUS | C8: EJEH | D8: RIGGER | E8: IDI_ORO | F8: 13150 | G8: 51 | H8: M | I8: 21 | K8: 17 | L8: 2 | N8: 276150 | P8: 41915.63 | Q8: 6575 | S8: 10500 | Y8: 364728.13 | Z8: 18236.41 | AA8: 364728.13 | AB8: 346491.72
A9: C1065 | B9: VINCENT | C9: OGHENERIE | D9: FITTER 1 | E9: IDI_ORO | F9: 14050 | G9: 62 | H9: M | I9: 21 | K9: 24.2 | L9: 1 | N9: 295050 | P9: 63751.88 | Q9: 3512.5 | S9: 10000 | Y9: 403926.88 | Z9: 20196.34 | AA9: 403926.88 | AB9: 383730.54
A10: C1078 | B10: MATHIAS | C10: LUKPATA | D10: FORKLIFT OPERATOR | E10: AGEGE | F10: 12750 | G10: 46 | H10: M | I10: 21 | K10: 30 | L10: 1 | N10: 267750 | P10: 71718.75 | Q10: 3187.5 | S10: 10500 | Y10: 375468.75 | Z10: 18773.44 | AA10: 375468.75 | AB10: 356695.31
A11: C1096 | B11: DUROJAYE | C11: ADEDOYIN | D11: MECHANIC | E11: AGEGE | F11: 10250 | G11: 43 | H11: M | I11: 21 | J11: 12 | K11: 28 | L11: 35 | N11: 215250 | O11: 23062.5 | P11: 53812.5 | Q11: 89687.5 | S11: 10500 | Y11: 410250 | Z11: 20512.5 | AA11: 410250 | AB11: 389737.5
A12: C1144 | B12: CHRIS | C12: OGWUA | D12: WELDER | E12: IDI - IDI_ORO | F12: 13550 | G12: 44 | H12: M | I12: 3 | N12: 40650 | S12: 1500 | Y12: 42150 | Z12: 2107.5 | AA12: 42150 | AB12: 40042.5
A13: C1162 | B13: ADEWALE | C13: ADEKOYA | D13: 6GR (SMAW & GTAW) | E13: IDI_ORO | F13: 23500 | G13: 55 | H13: M | I13: 21 | J13: 8.7 | K13: 9 | N13: 493500 | O13: 38334.37 | P13: 39656.25 | S13: 10500 | Y13: 623115.62 | Z13: 31155.78 | AA13: 623115.62 | AB13: 591959.84
A14: C1220 | B14: DANIEL | C14: NWODO | D14: TACK WELDER | E14: AGEGE | F14: 11575 | G14: 55 | H14: M | I14: 21 | K14: 26 | L14: 4 | N14: 243075 | P14: 56428.13 | Q14: 11575 | S14: 10500 | Y14: 350226.26 | Z14: 17511.31 | AA14: 350226.26 | AB14: 332714.95
A15: C1229 | B15: SHITTU | C15: OLAWALE | D15: WELDER | E15: AGEGE | F15: 18150 | G15: 49 | H15: M | L15: 13 | Q15: 58987.5 | Y15: 58987.5 | Z15: 2949.38 | AA15: 58987.5 | AB15: 56038.12
A16: C1491 | B16: NNAMDI | C16: VINCENT | D16: GRINDER | E16: IDI_ORO | F16: 10250 | G16: 46 | H16: M | I16: 21 | K16: 20.9 | L16: 8 | N16: 215250 | P16: 40167.19 | Q16: 20500 | S16: 10500 | Y16: 309479.69 | Z16: 15473.98 | AA16: 309479.69 | AB16: 294005.71
A17: C1533 | B17: VINCENT | C17: OKEKE | D17: CRANE/RIGGER SUPERVISOR | E17: IDI_ORO | F17: 16000 | G17: 49 | H17: M | I17: 21 | K17: 18.8 | L17: 1 | N17: 336000 | P17: 56400 | Q17: 4000 | S17: 10500 | Y17: 442900 | Z17: 22145 | AA17: 442900 | AB17: 420755
A18: C1544 | B18: JOSEPH | C18: ADENIYI | D18: LIFTNG SUP. | E18: AGEGE | F18: 16200 | G18: 42 | H18: M | I18: 6 | K18: 13.2 | L18: 13 | N18: 97200 | P18: 40095 | Q18: 52650 | S18: 3000 | Y18: 246405 | Z18: 12320.25 | AA18: 246405 | AB18: 234084.75
A19: C1607 | B19: CHUKWUDUMEBI | C19: OJIKA | D19: FITTER / CNC OPR | E19: AGEGE | F19: 15100 | G19: 37 | H19: M | I19: 21 | K19: 3 | N19: 317100 | P19: 8493.75 | S19: 10500 | Y19: 362518.75 | Z19: 18125.94 | AA19: 362518.75 | AB19: 344392.81
A20: C1612 | B20: RICHARD | C20: MBAMARA | D20: HYDROTESTER | E20: IDI_ORO | F20: 16000 | G20: 55 | H20: M | I20: 21 | J20: 7.7 | K20: 7 | N20: 336000 | O20: 23100 | P20: 21000 | S20: 10500 | Y20: 418600 | Z20: 20930 | AA20: 418600 | AB20: 397670
A21: C1686 | B21: MICAH | C21: FRED | D21: WELDER | E21: AGEGE | F21: 16700 | G21: 36 | H21: M | L21: 18 | Q21: 75150 | Y21: 75150 | Z21: 3757.5 | AA21: 75150 | AB21: 71392.5
A22: C1705 | B22: MATTHEW | C22: ROTIMI | D22: MECHANIC | E22: IDI_ORO | F22: 10250 | G22: 47 | H22: M | I22: 21 | K22: 24 | L22: 15 | N22: 215250 | P22: 46125 | Q22: 38437.5 | S22: 10500 | Y22: 328250 | Z22: 16412.5 | AA22: 328250 | AB22: 311837.5
A23: C1720 | B23: ADANOU | C23: RAYMOND | D23: FITTER 1 | E23: AGEGE | F23: 14050 | G23: 55 | H23: M | I23: 21 | K23: 21 | N23: 295050 | P23: 55321.88 | S23: 10500 | Y23: 364384.38 | Z23: 18219.22 | AA23: 364384.38 | AB23: 346165.16
A24: C1728 | B24: MOHAMMED | C24: IBRAHIM | D24: 6GR (SMAW & GTAW) | E24: IDI_ORO | F24: 23500 | G24: 38 | H24: M | I24: 11 | K24: 8 | N24: 258500 | P24: 35250 | S24: 5500 | Y24: 346250 | Z24: 17312.5 | AA24: 346250 | AB24: 328937.5
A25: C1736 | B25: MICHAEL | C25: JEROME | D25: 6G WELDER | E25: IDI_ORO | F25: 16700 | G25: 55 | H25: M | I25: 21 | K25: 9 | N25: 350700 | P25: 28181.25 | S25: 10500 | Y25: 426956.25 | Z25: 21347.81 | AA25: 426956.25 | AB25: 405608.44
A26: C1771 | B26: KEHINDE | C26: BADEJO | D26: RIGGER | E26: AGEGE | F26: 13150 | G26: 45 | H26: M | I26: 21 | K26: 28 | L26: 1 | N26: 276150 | P26: 69037.5 | Q26: 3287.5 | S26: 10500 | Y26: 381987.5 | Z26: 19099.38 | AA26: 381987.5 | AB26: 362888.12
A27: C1772 | B27: IDOWU | C27: GANIYU | D27: CRANE OPERATOR & RIGGER | E27: AGEGE | F27: 13150 | G27: 58 | H27: M | I27: 21 | K27: 32 | L27: 1 | N27: 276150 | P27: 78900 | Q27: 3287.5 | S27: 10500 | Y27: 391850 | Z27: 19592.5 | AA27: 391850 | AB27: 372257.5
A28: C1775 | B28: MOMODU | C28: BASHRU | D28: GRINDER | E28: AGEGE | F28: 10250 | G28: 45 | H28: M | I28: 21 | K28: 28 | L28: 4 | N28: 215250 | P28: 53812.5 | Q28: 10250 | S28: 10500 | Y28: 310312.5 | Z28: 15515.63 | AA28: 310312.5 | AB28: 294796.87
A29: C1779 | B29: KENNEDY | C29: EBUNO | D29: SMAW&GTAW (CS) WELDER | E29: IDI_ORO | F29: 23500 | G29: 61 | H29: M | I29: 21 | J29: 2 | K29: 9 | N29: 493500 | O29: 8812.5 | P29: 39656.25 | S29: 10500 | Y29: 605343.75 | Z29: 30267.19 | AA29: 605343.75 | AB29: 575076.56
A30: C1783 | B30: OLUGBENGA | C30: DARAMOLA | D30: FITTER | E30: AGEGE | F30: 14050 | G30: 47 | H30: M | I30: 21 | K30: 28 | N30: 295050 | P30: 73762.5 | S30: 10500 | Y30: 382825 | Z30: 19141.25 | AA30: 382825 | AB30: 363683.75
A31: C1788 | B31: JONAH EMEWU | C31: SAMUEL | D31: FITTER | E31: IDI_ORO | F31: 14050 | G31: 49 | H31: M | I31: 21 | K31: 19.2 | L31: 1 | N31: 295050 | P31: 50580 | Q31: 3512.5 | S31: 10500 | Y31: 391255 | Z31: 19562.75 | AA31: 391255 | AB31: 371692.25
A32: C1789 | B32: MONDAY | C32: MBOCHI | D32: FITTER | E32: IDI_ORO | F32: 14050 | G32: 47 | H32: M | I32: 8 | J32: 4 | K32: 22 | L32: 1 | N32: 112400 | O32: 10537.5 | P32: 57956.25 | Q32: 3512.5 | S32: 4000 | Y32: 228800 | Z32: 11440 | AA32: 228800 | AB32: 217360
A33: C1793 | B33: SAVIOUR UDO | C33: ITORO | D33: WELDER | E33: AGEGE | F33: 13550 | G33: 37 | H33: M | I33: 21 | K33: 28 | L33: 4 | N33: 284550 | P33: 71137.5 | Q33: 13550 | S33: 10500 | Y33: 423097.5 | Z33: 21154.88 | AA33: 423097.5 | AB33: 401942.62
A34: C1804 | B34: UMA | C34: KALU | D34: GRINDER | E34: AGEGE | F34: 10250 | G34: 57 | H34: M | I34: 21 | K34: 32 | L34: 4 | N34: 215250 | P34: 61500 | Q34: 10250 | S34: 10500 | Y34: 318000 | Z34: 15900 | AA34: 318000 | AB34: 302100
A35: C1820 | B35: SUNDAY | C35: OKORO | D35: FITTER | E35: IDI_ORO | F35: 14050 | G35: 56 | H35: M | I35: 21 | K35: 19.2 | L35: 1 | N35: 295050 | P35: 50580 | Q35: 3512.5 | S35: 10500 | Y35: 387742.5 | Z35: 19387.13 | AA35: 387742.5 | AB35: 368355.37
A36: C1823 | B36: MATTHEW | C36: EGBUJOR | D36: GRINDER | E36: IDI_ORO | F36: 10250 | G36: 61 | H36: M | I36: 21 | K36: 23.6 | L36: 1 | N36: 215250 | P36: 45356.25 | Q36: 2562.5 | S36: 10500 | Y36: 296731.25 | Z36: 14836.56 | AA36: 296731.25 | AB36: 281894.69
A37: C1824 | B37: ALPHONSUS | C37: ADAOWO | D37: FITTER | E37: IDI_ORO | F37: 14050 | G37: 45 | H37: M | I37: 20 | K37: 20.2 | L37: 1 | N37: 281000 | P37: 53214.38 | Q37: 3512.5 | S37: 10000 | Y37: 375826.88 | Z37: 18791.34 | AA37: 375826.88 | AB37: 357035.54
A38: C1840 | B38: FRIDAY | C38: ISINGUZO | D38: GRINDER | E38: IDI_ORO | F38: 10250 | G38: 59 | H38: M | I38: 21 | K38: 26.6 | L38: 1 | N38: 215250 | P38: 51121.88 | Q38: 2562.5 | S38: 10500 | Y38: 302496.88 | Z38: 15124.84 | AA38: 302496.88 | AB38: 287372.04
A39: C1849 | B39: SUCCESS JAMES | C39: OKORIE | D39: FACTORY CLEANER | E39: IDI_ORO | F39: 8600 | G39: 35 | H39: M | I39: 21 | K39: 19 | L39: 1 | N39: 180600 | P39: 30637.5 | Q39: 2150 | S39: 10500 | Y39: 243237.5 | Z39: 12161.88 | AA39: 243237.5 | AB39: 231075.62
A40: C1870 | B40: JOHN | C40: OHIEMBOR | D40: PREP. SUP | E40: AGEGE | F40: 16200 | G40: 68 | H40: M | I40: 21 | K40: 36 | N40: 340200 | P40: 109350 | S40: 10500 | Y40: 464100 | Z40: 23205 | AA40: 464100 | AB40: 440895
A41: C1882 | B41: MOMOH | C41: MOHAMMED | D41: FITTER SUPERVISOR | E41: IDI_ORO | F41: 17850 | G41: 52 | H41: M | I41: 19 | J41: 4 | K41: 25.2 | L41: 22.7 | N41: 339150 | O41: 13387.5 | P41: 84341.25 | Q41: 101298.75 | S41: 9500 | Y41: 602120 | Z41: 30106 | AA41: 602120 | AB41: 572014
A42: C1883 | B42: BELLO | C42: YAYA | D42: BURNER | E42: IDI_ORO | F42: 8250 | G42: 55 | H42: M | I42: 16 | K42: 17 | L42: 1 | N42: 132000 | P42: 26296.88 | Q42: 2062.5 | S42: 8000 | Y42: 186921.88 | Z42: 9346.09 | AA42: 186921.88 | AB42: 177575.79
A43: C1888 | B43: OLATUNJI | C43: YEKINI | D43: 6GR (SMAW & GTAW) | E43: IDI_ORO | F43: 16700 | G43: 57 | H43: M | I43: 21 | J43: 2 | K43: 9 | N43: 350700 | O43: 6262.5 | P43: 28181.25 | S43: 10500 | Y43: 433218.75 | Z43: 21660.94 | AA43: 433218.75 | AB43: 411557.81
A44: C1920 | B44: AZEEZ | C44: LATEEF | D44: BLASTER/PAINTER | E44: IDI_ORO | F44: 12750 | G44: 56 | H44: M | I44: 21 | K44: 18 | L44: 38.2 | N44: 267750 | P44: 43031.25 | Q44: 121762.5 | S44: 10500 | Y44: 471731.25 | Z44: 23586.56 | AA44: 471731.25 | AB44: 448144.69
A45: C1926 | B45: NZEDURU | C45: NGOZIKA | D45: 3G WELDER | E45: AGEGE | F45: 13550 | G45: 43 | H45: M | I45: 21 | K45: 34 | L45: 4 | N45: 284550 | P45: 86381.25 | Q45: 13550 | S45: 10500 | Y45: 422081.25 | Z45: 21104.06 | AA45: 422081.25 | AB45: 400977.19
A46: C1931 | B46: EZEKIEL | C46: ABIODUN | D46: BLASTER/PAINTER | E46: AGEGE | F46: 12750 | G46: 46 | H46: M | I46: 21 | K46: 8 | L46: 1 | N46: 267750 | P46: 19125 | Q46: 3187.5 | S46: 10500 | Y46: 322875 | Z46: 16143.75 | AA46: 322875 | AB46: 306731.25
A47: C1933 | B47: TAJUDEEN | C47: ADESEYE | D47: BLASTER / PAINTER | E47: AGEGE | F47: 12750 | G47: 52 | H47: M | I47: 21 | K47: 8 | L47: 1 | N47: 267750 | P47: 19125 | Q47: 3187.5 | S47: 10500 | Y47: 322875 | Z47: 16143.75 | AA47: 322875 | AB47: 306731.25
A48: C1938 | B48: ABRAHAM | C48: ONYEMERI | D48: WELDER | E48: IDI_ORO | F48: 20100 | G48: 47 | H48: M | I48: 21 | J48: 8 | K48: 9 | N48: 422100 | O48: 30150 | P48: 33918.75 | S48: 10500 | Y48: 541893.75 | Z48: 27094.69 | AA48: 541893.75 | AB48: 514799.06
A49: C1954 | B49: KUFREOBONG | C49: AKPAN | D49: MECHANIC | E49: AGEGE | F49: 10250 | G49: 46 | H49: M | I49: 21 | J49: 11 | K49: 30 | L49: 39 | N49: 215250 | O49: 21140.63 | P49: 57656.25 | Q49: 99937.5 | S49: 10500 | Y49: 422421.88 | Z49: 21121.09 | AA49: 422421.88 | AB49: 401300.79
A50: C1955 | B50: AIYEDE | C50: OKERE | D50: RIGGER | E50: AGEGE | F50: 11575 | G50: 59 | H50: M | I50: 21 | K50: 32 | L50: 1 | N50: 243075 | P50: 69450 | Q50: 2893.75 | S50: 10500 | Y50: 346175 | Z50: 17308.75 | AA50: 346175 | AB50: 328866.25
A51: C1966 | B51: ADEMOLA | C51: BELLO | D51: RIGGER | E51: IDI_ORO | F51: 13150 | G51: 55 | H51: M | I51: 21 | K51: 17 | L51: 10 | N51: 276150 | P51: 41915.63 | Q51: 32875 | S51: 10500 | Y51: 384453.13 | Z51: 19222.66 | AA51: 384453.13 | AB51: 365230.47
A52: C1967 | B52: SUNDAY | C52: ADESUGBA | D52: RIGGER | E52: IDI_ORO | F52: 13150 | G52: 55 | H52: M | I52: 21 | J52: 1 | K52: 17 | L52: 10 | N52: 276150 | O52: 2465.63 | P52: 41915.63 | Q52: 32875 | S52: 10500 | Y52: 393493.76 | Z52: 19674.69 | AA52: 393493.76 | AB52: 373819.07
A53: C1975 | B53: TOYIN | C53: AKINNIFESI | D53: DRILLER | E53: AGEGE | F53: 10250 | G53: 47 | H53: M | I53: 21 | K53: 30 | L53: 4 | N53: 215250 | P53: 57656.25 | Q53: 10250 | S53: 10500 | Y53: 318768.75 | Z53: 15938.44 | AA53: 318768.75 | AB53: 302830.31
A54: C1979 | B54: YUSUF | C54: WAHABI | D54: MECHANIC | E54: IDI_ORO | F54: 10250 | G54: 47 | H54: M | I54: 21 | J54: 8 | K54: 29 | L54: 15 | N54: 215250 | O54: 15375 | P54: 55734.38 | Q54: 38437.5 | S54: 10500 | Y54: 353234.38 | Z54: 17661.72 | AA54: 353234.38 | AB54: 335572.66
A55: C1982 | B55: WASIU | C55: BUSARI | D55: PAINTER | E55: IDI_ORO | F55: 12750 | G55: 44 | H55: M | I55: 21 | K55: 1 | L55: 11.9 | N55: 267750 | P55: 2390.63 | Q55: 37931.25 | S55: 10500 | Y55: 350128.13 | Z55: 17506.41 | AA55: 350128.13 | AB55: 332621.72
A56: C1983 | B56: EMEKA | C56: EBEYE | D56: PAINTER | E56: IDI_ORO | F56: 12750 | G56: 43 | H56: M | I56: 21 | K56: 1 | L56: 10 | N56: 267750 | P56: 2390.63 | Q56: 31875 | S56: 10500 | Y56: 338015.63 | Z56: 16900.78 | AA56: 338015.63 | AB56: 321114.85
A57: C1989 | B57: OLAWALE | C57: SADIQ | D57: STORE MATE | E57: AGEGE | F57: 8600 | G57: 46 | H57: M | I57: 21 | K57: 28 | L57: 22 | N57: 180600 | P57: 45150 | Q57: 47300 | S57: 10500 | Y57: 302900 | Z57: 15145 | AA57: 302900 | AB57: 287755
A58: C2000 | B58: KAREEM | C58: USMAN | D58: 3G SMAW WELDER | E58: AGEGE | F58: 13550 | G58: 55 | H58: M | I58: 21 | K58: 28 | L58: 4 | N58: 284550 | P58: 71137.5 | Q58: 13550 | S58: 10500 | Y58: 415645 | Z58: 20782.25 | AA58: 415645 | AB58: 394862.75
A59: C2002 | B59: CHIBUEZE | C59: NWOSU | D59: 6G WELDER | E59: IDI_ORO | F59: 16700 | G59: 55 | H59: M | I59: 21 | J59: 2 | K59: 9 | N59: 350700 | O59: 6262.5 | P59: 28181.25 | S59: 10500 | Y59: 433218.75 | Z59: 21660.94 | AA59: 433218.75 | AB59: 411557.81
A60: C2011 | B60: ADEBAYO | C60: AJAYI | D60: FITTER | E60: AGEGE | F60: 14050 | G60: 55 | H60: M | I60: 21 | K60: 34 | N60: 295050 | P60: 89568.75 | S60: 10500 | Y60: 398631.25 | Z60: 19931.56 | AA60: 398631.25 | AB60: 378699.69
A61: C2015 | B61: FESTUS | C61: AMUNE | D61: FITTER | E61: AGEGE | F61: 11750 | G61: 51 | H61: M | I61: 21 | K61: 9 | N61: 246750 | P61: 19828.13 | S61: 10500 | Y61: 280015.63 | Z61: 14000.78 | AA61: 280015.63 | AB61: 266014.85
A62: C2023 | B62: DAVID | C62: IDIKA | D62: SCAFFOLDER | E62: IDI_ORO | F62: 13250 | G62: 55 | H62: M | I62: 21 | K62: 1 | N62: 278250 | P62: 2484.38 | S62: 10500 | Y62: 294546.88 | Z62: 14727.34 | AA62: 294546.88 | AB62: 279819.54
A63: C2052 | B63: ACHEM | C63: OGWUCHE | D63: FITTER | E63: IDI_ORO | F63: 14050 | G63: 47 | H63: M | I63: 21 | K63: 23.4 | L63: 1 | N63: 295050 | P63: 61644.38 | Q63: 3512.5 | S63: 10500 | Y63: 402319.38 | Z63: 20115.97 | AA63: 402319.38 | AB63: 382203.41
A64: C2080 | B64: LATEEF | C64: OYELEYE | D64: RIGGER | E64: IDI_ORO | F64: 13150 | G64: 43 | H64: M | I64: 21 | J64: 11 | K64: 17 | L64: 2 | N64: 276150 | O64: 27121.88 | P64: 41915.63 | Q64: 6575 | S64: 10500 | Y64: 385275.01 | Z64: 19263.75 | AA64: 385275.01 | AB64: 366011.26
A65: C2082 | B65: OKEOWO | C65: ADEBANJO | D65: FORKLIFT OPERATOR | E65: AGEGE | F65: 12750 | G65: 40 | H65: M | I65: 21 | K65: 30 | L65: 1 | N65: 267750 | P65: 71718.75 | Q65: 3187.5 | S65: 10500 | Y65: 375468.75 | Z65: 18773.44 | AA65: 375468.75 | AB65: 356695.31
A66: C2083 | B66: STEVE | C66: EREGARE | D66: FITTER | E66: AGEGE | F66: 14050 | G66: 55 | H66: M | I66: 1 | N66: 14050 | S66: 500 | Y66: 14550 | Z66: 727.5 | AA66: 14550 | AB66: 13822.5
A67: C2087 | B67: THOMPSON | C67: NKANU | D67: FITTER | E67: AGEGE | F67: 14050 | G67: 44 | H67: M | I67: 21 | K67: 34 | N67: 295050 | P67: 89568.75 | S67: 10500 | Y67: 398631.25 | Z67: 19931.56 | AA67: 398631.25 | AB67: 378699.69
A68: C2088 | B68: GBOLAGADE | C68: RABIU | D68: RIGGER | E68: AGEGE | F68: 13150 | G68: 55 | H68: M | I68: 21 | K68: 34 | L68: 1 | N68: 276150 | P68: 83831.25 | Q68: 3287.5 | S68: 10500 | Y68: 396781.25 | Z68: 19839.06 | AA68: 396781.25 | AB68: 376942.19
A69: C2097 | B69: SUNDAY | C69: COKER | D69: BLASTER/PAINTER | E69: AGEGE | F69: 12750 | G69: 57 | H69: M | I69: 21 | K69: 8 | L69: 1 | N69: 267750 | P69: 19125 | Q69: 3187.5 | S69: 10500 | Y69: 322875 | Z69: 16143.75 | AA69: 322875 | AB69: 306731.25
A70: C2098 | B70: FEMI | C70: OLAITAN | D70: BLASTER/PAINTER | E70: AGEGE | F70: 12750 | G70: 45 | H70: M | I70: 21 | K70: 8 | L70: 1 | N70: 267750 | P70: 19125 | Q70: 3187.5 | S70: 10500 | Y70: 322875 | Z70: 16143.75 | AA70: 322875 | AB70: 306731.25
A71: C2116 | B71: FAMOUS | C71: OJADA | D71: SCAFFOLDER | E71: IDI_ORO | F71: 13250 | G71: 52 | H71: M | I71: 17 | J71: 64 | K71: 39 | L71: 65 | N71: 225250 | O71: 159000 | P71: 96890.63 | Q71: 215312.5 | S71: 8500 | Y71: 704953.13 | Z71: 35247.66 | AA71: 704953.13 | AB71: 669705.47
A72: C2121 | B72: JULIUS | C72: TAIWO | D72: FITTER | E72: AGEGE | F72: 14050 | G72: 53 | H72: M | I72: 21 | K72: 32 | N72: 295050 | P72: 84300 | S72: 10500 | Y72: 393362.5 | Z72: 19668.13 | AA72: 393362.5 | AB72: 373694.37
A73: C2129 | B73: ANDREW | C73: OSINEKE | D73: CRANE OPERATOR | E73: IDI_ORO | F73: 10250 | G73: 55 | H73: M | I73: 21 | J73: 5.9 | K73: 16 | L73: 1 | N73: 215250 | O73: 11339.06 | P73: 30750 | Q73: 2562.5 | S73: 10500 | Y73: 288339.06 | Z73: 14416.95 | AA73: 288339.06 | AB73: 273922.11
A74: C2130 | B74: SHOLA | C74: ATOYEBI | D74: PAINTER | E74: IDI_ORO | F74: 12750 | G74: 58 | H74: M | I74: 21 | K74: 1 | L74: 10 | N74: 267750 | P74: 2390.63 | Q74: 31875 | S74: 10500 | Y74: 338015.63 | Z74: 16900.78 | AA74: 338015.63 | AB74: 321114.85
A75: C2136 | B75: JAMES | C75: NGELE | D75: GRINDER | E75: AGEGE | F75: 10250 | G75: 63 | H75: M | I75: 21 | K75: 22 | L75: 4 | N75: 215250 | P75: 42281.25 | Q75: 10250 | S75: 10500 | Y75: 298781.25 | Z75: 14939.06 | AA75: 298781.25 | AB75: 283842.19
A76: C2138 | B76: STANLEY | C76: AIGBEVBOILE | D76: ELECTRICIAN | E76: AGEGE | F76: 10250 | G76: 39 | H76: M | I76: 21 | J76: 10.1 | K76: 28 | L76: 39 | N76: 215250 | O76: 19410.94 | P76: 53812.5 | Q76: 99937.5 | S76: 10500 | Y76: 416848.44 | Z76: 20842.42 | AA76: 416848.44 | AB76: 396006.02
A77: C2154 | B77: SOLOMON | C77: BANKOLE | D77: FITTER 1 | E77: IDI_ORO | F77: 14050 | G77: 46 | H77: M | I77: 21 | K77: 22 | L77: 1 | N77: 295050 | P77: 57956.25 | Q77: 3512.5 | S77: 10500 | Y77: 395118.75 | Z77: 19755.94 | AA77: 395118.75 | AB77: 375362.81
A78: C2171 | B78: LUCKY | C78: AZEMOBO | D78: FITTER | E78: AGEGE | F78: 14050 | G78: 55 | H78: M | I78: 21 | N78: 295050 | S78: 10500 | Y78: 305550 | Z78: 15277.5 | AA78: 305550 | AB78: 290272.5
A79: C2193 | B79: DAVID NWACHUKWU | C79: EMEH | D79: SCAFFOLDER | E79: AGEGE | F79: 13250 | G79: 63 | H79: M | I79: 21 | K79: 1 | L79: 10 | N79: 278250 | P79: 2484.38 | Q79: 33125 | S79: 10500 | Y79: 327671.88 | Z79: 16383.59 | AA79: 327671.88 | AB79: 311288.29
A80: C2220 | B80: ABEL | C80: UGBEKILE | D80: CNC OPERATOR | E80: AGEGE | F80: 11750 | G80: 46 | H80: M | I80: 21 | K80: 21 | N80: 246750 | P80: 46265.63 | S80: 10500 | Y80: 306453.13 | Z80: 15322.66 | AA80: 306453.13 | AB80: 291130.47
A81: C2221 | B81: KAMORUDEEN | C81: YUNUS | D81: CNC OPERATOR | E81: AGEGE | F81: 11750 | G81: 44 | H81: M | I81: 21 | K81: 3 | N81: 246750 | P81: 6609.38 | S81: 10500 | Y81: 266796.88 | Z81: 13339.84 | AA81: 266796.88 | AB81: 253457.04
A82: C2222 | B82: ANTHONY | C82: EZEAGU | D82: CNC OPERATOR | E82: AGEGE | F82: 11750 | G82: 38 | H82: M | I82: 21 | K82: 3 | N82: 246750 | P82: 6609.38 | S82: 10500 | Y82: 266796.88 | Z82: 13339.84 | AA82: 266796.88 | AB82: 253457.04
A83: C2224 | B83: CHRISTIAN | C83: AGBATA | D83: CNC OPERATOR | E83: AGEGE | F83: 11750 | G83: 43 | H83: M | I83: 21 | K83: 3 | N83: 246750 | P83: 6609.38 | S83: 10500 | Y83: 266796.88 | Z83: 13339.84 | AA83: 266796.88 | AB83: 253457.04
A84: C2225 | B84: ABEL | C84: DANIEL | D84: CNC OPERATOR | E84: AGEGE | F84: 11750 | G84: 33 | H84: M | I84: 21 | K84: 10.3 | N84: 246750 | P84: 22692.19 | S84: 10500 | Y84: 300504.69 | Z84: 15025.23 | AA84: 300504.69 | AB84: 285479.46
A85: C2236 | B85: KELVIN NDUBUISI | C85: IWUAGWU | D85: FITTER 1 | E85: IDI_ORO | F85: 14050 | G85: 67 | H85: M | I85: 21 | L85: 1 | N85: 295050 | Q85: 3512.5 | S85: 10500 | Y85: 353671.25 | Z85: 17683.56 | AA85: 353671.25 | AB85: 335987.69
A86: C2290 | B86: OLUWATOSIN | C86: ADEBAYO | D86: TACK WELDER | E86: AGEGE | F86: 11575 | G86: 55 | H86: M | I86: 21 | K86: 24 | L86: 4 | N86: 243075 | P86: 52087.5 | Q86: 11575 | S86: 10500 | Y86: 344149.38 | Z86: 17207.47 | AA86: 344149.38 | AB86: 326941.91
A87: C2291 | B87: NGELE OKEY | C87: UMA | D87: FITTER-MATE | E87: AGEGE | F87: 8100 | G87: 55 | H87: M | I87: 21 | K87: 22 | L87: 4 | N87: 170100 | P87: 33412.5 | Q87: 8100 | S87: 10500 | Y87: 240742.5 | Z87: 12037.13 | AA87: 240742.5 | AB87: 228705.37
A88: C2300 | B88: GABRIEL PONMILE | C88: TAIWO | D88: FITTER | E88: AGEGE | F88: 14050 | G88: 55 | H88: M | I88: 21 | K88: 34 | N88: 295050 | P88: 89568.75 | S88: 10500 | Y88: 398631.25 | Z88: 19931.56 | AA88: 398631.25 | AB88: 378699.69
A89: C2319 | B89: NDUBUISI | C89: TORTI | D89: 3G WELDER | E89: AGEGE | F89: 13550 | G89: 41 | H89: M | I89: 21 | K89: 28 | L89: 4 | N89: 284550 | P89: 71137.5 | Q89: 13550 | S89: 10500 | Y89: 397691.25 | Z89: 19884.56 | AA89: 397691.25 | AB89: 377806.69
A90: C2326 | B90: SUNDAY | C90: AIYEDE | D90: FITTER | E90: IDI_ORO | F90: 14050 | G90: 55 | H90: M | K90: 24.4 | L90: 1 | P90: 64278.75 | Q90: 3512.5 | Y90: 99403.75 | Z90: 4970.19 | AA90: 99403.75 | AB90: 94433.56
A91: C2328 | B91: TIMOTHY OLUMIDE | C91: ADEKANMBI | D91: WELDER | E91: AGEGE | F91: 13550 | G91: 55 | H91: M | I91: 21 | K91: 24 | L91: 4 | N91: 284550 | P91: 60975 | Q91: 13550 | S91: 10500 | Y91: 402433.75 | Z91: 20121.69 | AA91: 402433.75 | AB91: 382312.06
A92: C2337 | B92: SAHEED | C92: OLOWU | D92: FITTER | E92: IDI_ORO | F92: 14050 | G92: 65 | H92: M | I92: 20 | K92: 17 | L92: 1 | N92: 281000 | P92: 44784.38 | Q92: 3512.5 | S92: 10000 | Y92: 370909.38 | Z92: 18545.47 | AA92: 370909.38 | AB92: 352363.91
A93: C2338 | B93: OLADIPUPO | C93: AKANLE | D93: FITTER | E93: AGEGE | F93: 14050 | G93: 44 | H93: M | I93: 21 | K93: 34 | N93: 295050 | P93: 89568.75 | S93: 10500 | Y93: 398631.25 | Z93: 19931.56 | AA93: 398631.25 | AB93: 378699.69
A94: C2340 | B94: IFEANYI ABEL | C94: OGBUM | D94: WELDER | E94: AGEGE | F94: 13550 | G94: 55 | H94: M | I94: 19 | K94: 15 | L94: 4 | N94: 257450 | P94: 38109.38 | Q94: 13550 | S94: 9500 | Y94: 354516.88 | Z94: 17725.84 | AA94: 354516.88 | AB94: 336791.04
A95: C2341 | B95: DANIEL | C95: UDECHUKWU | D95: DRILLER | E95: AGEGE | F95: 10250 | G95: 41 | H95: M | I95: 21 | K95: 28 | L95: 4 | N95: 215250 | P95: 53812.5 | Q95: 10250 | S95: 10500 | Y95: 310312.5 | Z95: 15515.63 | AA95: 310312.5 | AB95: 294796.87
A96: C2342 | B96: TAIWO | C96: OGUNBIYI | D96: CRANE OPERATOR & RIGGER | E96: AGEGE | F96: 11575 | G96: 52 | H96: M | I96: 21 | K96: 30 | L96: 1 | N96: 243075 | P96: 65109.38 | Q96: 2893.75 | S96: 10500 | Y96: 341834.38 | Z96: 17091.72 | AA96: 341834.38 | AB96: 324742.66
A97: C2343 | B97: ADESOJI | C97: ADEYEYE | D97: FITTER | E97: AGEGE | F97: 14050 | G97: 48 | H97: M | I97: 21 | K97: 34 | N97: 295050 | P97: 89568.75 | S97: 10500 | Y97: 398631.25 | Z97: 19931.56 | AA97: 398631.25 | AB97: 378699.69
A98: C2383 | B98: OYEWOLE | C98: ABIODUN | D98: FITTER | E98: AGEGE | F98: 14050 | G98: 61 | H98: M | I98: 21 | K98: 36 | N98: 295050 | P98: 94837.5 | S98: 8500 | Y98: 401900 | Z98: 20095 | AA98: 401900 | AB98: 381805
A99: C2387 | B99: KOLAWOLE | C99: ADEKUNLE | D99: FITTER MATE | E99: IDI_ORO | F99: 10812 | G99: 32 | H99: M | I99: 21 | J99: 10.7 | K99: 17 | L99: 1 | N99: 227052 | O99: 21691.57 | P99: 34463.25 | Q99: 2703 | S99: 10500 | Y99: 315330.82 | Z99: 15766.54 | AA99: 315330.82 | AB99: 299564.28
A100: C2395 | B100: AKINGBADE | C100: AKEEM | D100: FITTER | E100: AGEGE | F100: 14050 | G100: 56 | H100: M | I100: 21 | K100: 34 | N100: 295050 | P100: 89568.75 | S100: 10500 | Y100: 398631.25 | Z100: 19931.56 | AA100: 398631.25 | AB100: 378699.69
...

Sheet DLPC
A1: Contractor Code | B1: First Name | C1: Last Name | D1: Job Title | E1: Daily Rate | F1: Age | G1: Gender | H1: Total Weekday | I1: Weekday OVT | J1: Total Saturday | K1: Total Sunday | L1: Public Holiday | M1: Night Worked | N1: Wkd Earning | O1: Wkd Ovt Amt | P1: Sat Ovt Amt | Q1: Sun Ovt Amt | R1: PH Amt | S1: Night Amt | T1: Meal Allowance | U1: Transport | V1: Total Earnings | W1: WHT | X1: Gross Amount | Y1: Amount Payable
A2: C2394 | B2: IDOWU | C2: HAMMED | D2: KETTLE | E2: 9500 | F2: 34 | G2: M | H2: 21 | J2: 1 | L2: 1 | N2: 199500 | P2: 1781.25 | R2: 2375 | T2: 10500 | V2: 214156.25 | W2: 10707.81 | X2: 214156.25 | Y2: 203448.44
A3: C2396 | B3: MUSBAU | C3: AKINDELE | D3: KETTLE | E3: 9500 | F3: 36 | G3: M | H3: 21 | J3: 1 | L3: 1 | N3: 199500 | P3: 1781.25 | R3: 2375 | T3: 10500 | V3: 214156.25 | W3: 10707.81 | X3: 214156.25 | Y3: 203448.44
A4: C2408 | B4: LAWRENCE | C4: ANTHONY | D4: SKIMMER TECHNICIAN | E4: 10000 | F4: 47 | G4: M | H4: 21 | J4: 1 | L4: 1 | N4: 210000 | P4: 1875 | R4: 2500 | T4: 10500 | V4: 224875 | W4: 11243.75 | X4: 224875 | Y4: 213631.25
A5: C2443 | B5: ADEBIYI | C5: GANIYU | D5: KETTLE | E5: 9500 | F5: 37 | G5: M | H5: 21 | J5: 1 | L5: 1 | N5: 199500 | P5: 1781.25 | R5: 2375 | T5: 10500 | V5: 214156.25 | W5: 10707.81 | X5: 214156.25 | Y5: 203448.44
A6: C2506 | B6: MICHAEL | C6: ONOJA | D6: KETTLE | E6: 9500 | F6: 29 | G6: M | H6: 21 | J6: 1 | L6: 1 | N6: 199500 | P6: 1781.25 | R6: 2375 | T6: 10500 | V6: 214156.25 | W6: 10707.81 | X6: 214156.25 | Y6: 203448.44
A7: C2512 | B7: SUNDAY | C7: OVAT | D7: QC ASSISTANCE | E7: 8600 | F7: 25 | G7: M | H7: 21 | J7: 1 | L7: 1 | N7: 180600 | P7: 1612.5 | R7: 2150 | T7: 10500 | V7: 194862.5 | W7: 9743.13 | X7: 194862.5 | Y7: 185119.37
A8: C2522 | B8: JAMIU | C8: RASAK | D8: KETTLE | E8: 9500 | F8: 42 | G8: M | H8: 21 | J8: 1 | L8: 1 | N8: 199500 | P8: 1781.25 | R8: 2375 | T8: 10500 | V8: 214156.25 | W8: 10707.81 | X8: 214156.25 | Y8: 203448.44
A9: =SUBTOTAL(103,Table52[Contractor Code]) -> 7 | E9: =SUBTOTAL(109,Table52[Daily Rate]) -> 66100 | H9: =SUBTOTAL(109,Table52[Total Weekday]) -> 147 | I9: =SUBTOTAL(109,Table52[Weekday OVT]) -> 0 | J9: =SUBTOTAL(109,Table52[Total Saturday]) -> 7 | N9: =SUBTOTAL(109,Table52[Wkd Earning]) -> 1388100 | O9: =SUBTOTAL(109,Table52[Wkd Ovt Amt]) -> 0 | P9: =SUBTOTAL(109,Table52[Sat Ovt Amt]) -> 12393.75 | Q9: =SUBTOTAL(109,Table52[Sun Ovt Amt]) -> 0 | R9: =SUBTOTAL(109,Table52[PH Amt]) -> 16525 | S9: =SUBTOTAL(109,Table52[Night Amt]) -> 0 | T9: =SUBTOTAL(109,Table52[Meal Allowance]) -> 73500 | U9: =SUBTOTAL(109,Table52[Transport]) -> 0 | V9: =SUBTOTAL(109,Table52[Total Earnings]) -> 1490518.8 | W9: =SUBTOTAL(109,Table52[WHT]) -> 74525.93 | X9: =SUBTOTAL(109,Table52[Gross Amount]) -> 1490518.8 | Y9: =SUBTOTAL(109,Table52[Amount Payable]) -> 1415992.8

Sheet DLE BANK SCHD
A1: Employee Bank Details
A2: Contractor Code | B2: Contractor Name | C2: Bank | D2: Account No | E2: Sort Code | F2: NET Salary
A3: C0129 | B3: KALU AGWU OKWARA | C3: Fidelity Bank Plc | D3: 4020099243 | E3: 070150003 | F3: =_xlfn.XLOOKUP(Table13[[#This Row],[Contractor Code]],DLE!A:A,DLE!AB:AB) -> 353385.75
A4: C0293 | B4: OLANIYAN OLAKUNLE | C4: Guaranty Trust Bank Plc | D4: 0128756772 | E4: 058152052 | F4: =_xlfn.XLOOKUP(Table13[[#This Row],[Contractor Code]],DLE!A:A,DLE!AB:AB) -> 451635.94
A5: C0585 | B5: FEMI BELLO | C5: Access Bank Plc | D5: 0000214630 | E5: 044150149 | F5: =_xlfn.XLOOKUP(Table13[[#This Row],[Contractor Code]],DLE!A:A,DLE!AB:AB) -> 429352.5
A6: C0695 | B6: AWOYEMI JULIUS | C6: Fidelity Bank Plc | D6: 4020105283 | E6: 070150003 | F6: =_xlfn.XLOOKUP(Table13[[#This Row],[Contractor Code]],DLE!A:A,DLE!AB:AB) -> 402396.25
A7: C0974 | B7: ETUERI STEPHEN | C7: Zenith Bank Plc | D7: 2082484750 | E7: 057150013 | F7: =_xlfn.XLOOKUP(Table13[[#This Row],[Contractor Code]],DLE!A:A,DLE!AB:AB) -> 404236.87
A8: C1001 | B8: GBADAMOSI JIMOH | C8: Guaranty Trust Bank Plc | D8: 0606367290 | E8: 058152052 | F8: =_xlfn.XLOOKUP(Table13[[#This Row],[Contractor Code]],DLE!A:A,DLE!AB:AB) -> 436732.81
A9: C1035 | B9: EJEH DONATUS | C9: Guaranty Trust Bank Plc | D9: 0147788781 | E9: 058152052 | F9: =_xlfn.XLOOKUP(Table13[[#This Row],[Contractor Code]],DLE!A:A,DLE!AB:AB) -> 346491.72
A10: C1065 | B10: OGHENERIE VINCENT | C10: Fidelity Bank Plc | D10: 6050577180 | E10: 070150003 | F10: =_xlfn.XLOOKUP(Table13[[#This Row],[Contractor Code]],DLE!A:A,DLE!AB:AB) -> 383730.54
A11: C1078 | B11: LUKPATA MATHIAS | C11: Fidelity Bank Plc | D11: 6160593533 | E11: 070150003 | F11: =_xlfn.XLOOKUP(Table13[[#This Row],[Contractor Code]],DLE!A:A,DLE!AB:AB) -> 356695.31
A12: C1096 | B12: ADEDOYIN DUROJAYE | C12: Guaranty Trust Bank Plc | D12: 0014252324 | E12: 058152052 | F12: =_xlfn.XLOOKUP(Table13[[#This Row],[Contractor Code]],DLE!A:A,DLE!AB:AB) -> 389737.5
A13: C1144 | B13: OGWUA CHRIS | C13: Fidelity Bank Plc | D13: 6231398469 | E13: 070150003 | F13: =_xlfn.XLOOKUP(Table13[[#This Row],[Contractor Code]],DLE!A:A,DLE!AB:AB) -> 40042.5
A14: C1162 | B14: ADEKOYA ADEWALE | C14: Polaris Bank | D14: 3011580494 | E14: 076151006 | F14: =_xlfn.XLOOKUP(Table13[[#This Row],[Contractor Code]],DLE!A:A,DLE!AB:AB) -> 591959.84
A15: C1220 | B15: NWODO DANIEL | C15: Fidelity Bank Plc | D15: 6017773770 | F15: =_xlfn.XLOOKUP(Table13[[#This Row],[Contractor Code]],DLE!A:A,DLE!AB:AB) -> 332714.95
A16: C1229 | B16: OLAWALE SHITTU | C16: Guaranty Trust Bank Plc | D16: 0664256978 | E16: 058152052 | F16: =_xlfn.XLOOKUP(Table13[[#This Row],[Contractor Code]],DLE!A:A,DLE!AB:AB) -> 56038.12
A17: C1491 | B17: VINCENT NNAMDI | C17: Fidelity Bank Plc | D17: 4020099542 | E17: 070150003 | F17: =_xlfn.XLOOKUP(Table13[[#This Row],[Contractor Code]],DLE!A:A,DLE!AB:AB) -> 294005.71
A18: C1533 | B18: OKEKE VINCENT | C18: Stanbic IBTC Bank Plc | D18: 0033804939 | E18: 221150014 | F18: =_xlfn.XLOOKUP(Table13[[#This Row],[Contractor Code]],DLE!A:A,DLE!AB:AB) -> 420755
A19: C1544 | B19: ADENIYI JOSEPH | C19: United Bank for Africa Plc | D19: 2188685084 | E19: 033150011 | F19: =_xlfn.XLOOKUP(Table13[[#This Row],[Contractor Code]],DLE!A:A,DLE!AB:AB) -> 234084.75
A20: C1607 | B20: OJIKA CHUKWUDUMEBI | C20: Zenith Bank Plc | D20: 2088853873 | E20: 057150013 | F20: =_xlfn.XLOOKUP(Table13[[#This Row],[Contractor Code]],DLE!A:A,DLE!AB:AB) -> 344392.81
A21: C1612 | B21: MBAMARA RICHARD | C21: Fidelity Bank Plc | D21: 6237537987 | E21: 070150003 | F21: =_xlfn.XLOOKUP(Table13[[#This Row],[Contractor Code]],DLE!A:A,DLE!AB:AB) -> 397670
A22: C1686 | B22: FRED MICAH | C22: Zenith Bank Plc | D22: 2003154957 | E22: 057150013 | F22: =_xlfn.XLOOKUP(Table13[[#This Row],[Contractor Code]],DLE!A:A,DLE!AB:AB) -> 71392.5
A23: C1705 | B23: ROTIMI MATTHEW | C23: Guaranty Trust Bank Plc | D23: 0212808307 | E23: 058152052 | F23: =_xlfn.XLOOKUP(Table13[[#This Row],[Contractor Code]],DLE!A:A,DLE!AB:AB) -> 311837.5
A24: C1720 | B24: RAYMOND ADANOU | C24: Fidelity Bank Plc | D24: 6050576451 | E24: 070150003 | F24: =_xlfn.XLOOKUP(Table13[[#This Row],[Contractor Code]],DLE!A:A,DLE!AB:AB) -> 346165.16
A25: C1728 | B25: IBRAHIM MOHAMMED | C25: Guaranty Trust Bank Plc | D25: 0026316672 | E25: 058152052 | F25: =_xlfn.XLOOKUP(Table13[[#This Row],[Contractor Code]],DLE!A:A,DLE!AB:AB) -> 328937.5
A26: C1736 | B26: JEROME MICHAEL | C26: Skye Bank | D26: 1762982279 | E26: 076151006 | F26: =_xlfn.XLOOKUP(Table13[[#This Row],[Contractor Code]],DLE!A:A,DLE!AB:AB) -> 405608.44
A27: C1771 | B27: BADEJO KEHINDE | C27: Fidelity Bank Plc | D27: 6018734020 | E27: 070150003 | F27: =_xlfn.XLOOKUP(Table13[[#This Row],[Contractor Code]],DLE!A:A,DLE!AB:AB) -> 362888.12
... A78: C2154 | B78: BANKOLE SOLOMON | C78: Zenith Bank Plc | D78: 2284108306 | E78: 057150013 | F78: =_xlfn.XLOOKUP(Table13[[#This Row],[Contractor Code]],DLE!A:A,DLE!AB:AB) -> 375362.81
A79: C2171 | B79: AZEMOBO LUCKY | C79: First Bank of Nigeria Limited | D79: 3042849785 | F79: =_xlfn.XLOOKUP(Table13[[#This Row],[Contractor Code]],DLE!A:A,DLE!AB:AB) -> 290272.5
A80: C2193 | B80: EMEH DAVID NWACHUKWU | C80: First Bank of Nigeria Limited | D80: 3057402544 | E80: 011151003 | F80: =_xlfn.XLOOKUP(Table13[[#This Row],[Contractor Code]],DLE!A:A,DLE!AB:AB) -> 311288.29
A81: C2220 | B81: UGBEKILE ABEL | C81: Zenith Bank Plc | D81: 2119101245 | E81: 057150013 | F81: =_xlfn.XLOOKUP(Table13[[#This Row],[Contractor Code]],DLE!A:A,DLE!AB:AB) -> 291130.47
A82: C2221 | B82: YUNUS KAMORUDEEN | C82: Stanbic IBTC Bank Plc | D82: 0040479212 | E82: 221150014 | F82: =_xlfn.XLOOKUP(Table13[[#This Row],[Contractor Code]],DLE!A:A,DLE!AB:AB) -> 253457.04
A83: C2222 | B83: EZEAGU ANTHONY | C83: Access Bank Plc | D83: 1144340412 | E83: 044150149 | F83: =_xlfn.XLOOKUP(Table13[[#This Row],[Contractor Code]],DLE!A:A,DLE!AB:AB) -> 253457.04
A84: C2224 | B84: AGBATA CHRISTIAN | C84: United Bank for Africa Plc | D84: 2057877770 | E84: 033150011 | F84: =_xlfn.XLOOKUP(Table13[[#This Row],[Contractor Code]],DLE!A:A,DLE!AB:AB) -> 253457.04
A85: C2225 | B85: DANIEL ABEL | C85: Guaranty Trust Bank Plc | D85: 0019229341 | E85: 058152052 | F85: =_xlfn.XLOOKUP(Table13[[#This Row],[Contractor Code]],DLE!A:A,DLE!AB:AB) -> 285479.46
A86: C2236 | B86: IWUAGWU KELVIN NDUBUISI | C86: Fidelity Bank Plc | D86: 4020101058 | E86: 070150003 | F86: =_xlfn.XLOOKUP(Table13[[#This Row],[Contractor Code]],DLE!A:A,DLE!AB:AB) -> 335987.69
A87: C2290 | B87: ADEBAYO OLUWATOSIN | C87: Keystone Bank Limited | D87: 6023280856 | F87: =_xlfn.XLOOKUP(Table13[[#This Row],[Contractor Code]],DLE!A:A,DLE!AB:AB) -> 326941.91
A88: C2291 | B88: UMA NGELE OKEY | C88: Fidelity Bank Plc | D88: 4020103980 | E88: 070150003 | F88: =_xlfn.XLOOKUP(Table13[[#This Row],[Contractor Code]],DLE!A:A,DLE!AB:AB) -> 228705.37
A89: C2300 | B89: TAIWO GABRIEL PONMILE | C89: First Bank of Nigeria Limited | D89: 3015733305 | F89: =_xlfn.XLOOKUP(Table13[[#This Row],[Contractor Code]],DLE!A:A,DLE!AB:AB) -> 378699.69
A90: C2319 | B90: TORTI NDUBUISI | C90: Zenith Bank Plc | D90: 4211388821 | E90: 057150013 | F90: =_xlfn.XLOOKUP(Table13[[#This Row],[Contractor Code]],DLE!A:A,DLE!AB:AB) -> 377806.69
A91: C2326 | B91: AIYEDE SUNDAY | C91: Access Bank Plc | D91: 0037716580 | E91: 044150149 | F91: =_xlfn.XLOOKUP(Table13[[#This Row],[Contractor Code]],DLE!A:A,DLE!AB:AB) -> 94433.56
A92: C2328 | B92: ADEKANMBI TIMOTHY OLUMIDE | C92: United Bank for Africa Plc | D92: 2066237547 | E92: 033150011 | F92: =_xlfn.XLOOKUP(Table13[[#This Row],[Contractor Code]],DLE!A:A,DLE!AB:AB) -> 382312.06
A93: C2337 | B93: OLOWU SAHEED | C93: Fidelity Bank Plc | D93: 6050577386 | E93: 070150003 | F93: =_xlfn.XLOOKUP(Table13[[#This Row],[Contractor Code]],DLE!A:A,DLE!AB:AB) -> 352363.91
A94: C2338 | B94: AKANLE OLADIPUPO | C94: Fidelity Bank Plc | D94: 6050577207 | E94: 070150003 | F94: =_xlfn.XLOOKUP(Table13[[#This Row],[Contractor Code]],DLE!A:A,DLE!AB:AB) -> 378699.69
A95: C2340 | B95: OGBUM IFEANYI ABEL | C95: Stanbic IBTC Bank Plc | D95: 0029521873 | F95: =_xlfn.XLOOKUP(Table13[[#This Row],[Contractor Code]],DLE!A:A,DLE!AB:AB) -> 336791.04
A96: C2341 | B96: UDECHUKWU DANIEL | C96: First Bank of Nigeria Limited | D96: 3039181245 | E96: 011151003 | F96: =_xlfn.XLOOKUP(Table13[[#This Row],[Contractor Code]],DLE!A:A,DLE!AB:AB) -> 294796.87
A97: C2342 | B97: OGUNBIYI TAIWO | C97: Zenith Bank Plc | D97: 2000941660 | E97: 057150013 | F97: =_xlfn.XLOOKUP(Table13[[#This Row],[Contractor Code]],DLE!A:A,DLE!AB:AB) -> 324742.66
A98: C2343 | B98: ADEYEYE ADESOJI | C98: Guaranty Trust Bank Plc | D98: 0454234939 | E98: 058152052 | F98: =_xlfn.XLOOKUP(Table13[[#This Row],[Contractor Code]],DLE!A:A,DLE!AB:AB) -> 378699.69
A99: C2383 | B99: ABIODUN OYEWOLE | C99: Guaranty Trust Bank Plc | D99: 0150661422 | E99: 058152052 | F99: =_xlfn.XLOOKUP(Table13[[#This Row],[Contractor Code]],DLE!A:A,DLE!AB:AB) -> 381805
A100: C2387 | B100: ADEKUNLE KOLAWOLE | C100: Polaris Bank | D100: 1019909914 | E100: 076151006 | F100: =_xlfn.XLOOKUP(Table13[[#This Row],[Contractor Code]],DLE!A:A,DLE!AB:AB) -> 299564.28
A101: C2395 | B101: AKEEM AKINGBADE | C101: Fidelity Bank Plc | D101: 4020097988 | E101: 070150003 | F101: =_xlfn.XLOOKUP(Table13[[#This Row],[Contractor Code]],DLE!A:A,DLE!AB:AB) -> 378699.69
A102: C2402 | B102: ALIYU MOHAMMED | C102: United Bank for Africa Plc | D102: 2062265010 | E102: 033150011 | F102: =_xlfn.XLOOKUP(Table13[[#This Row],[Contractor Code]],DLE!A:A,DLE!AB:AB) -> 279819.54
A103: C2404 | B103: AMEH MATHEW | C103: Zenith Bank Plc | D103: 2190500645 | E103: 057150013 | F103: =_xlfn.XLOOKUP(Table13[[#This Row],[Contractor Code]],DLE!A:A,DLE!AB:AB) -> 279819.54
A104: C2410 | B104: AFENIFORO AYODELE | C104: Zenith Bank Plc | D104: 4070334353 | E104: 057150013 | F104: =_xlfn.XLOOKUP(Table13[[#This Row],[Contractor Code]],DLE!A:A,DLE!AB:AB) -> 301705.75
A105: C2412 | B105: BABATUNDE OYELEYE | C105: Zenith Bank Plc | D105: 2089542877 | E105: 057150013 | F105: =_xlfn.XLOOKUP(Table13[[#This Row],[Contractor Code]],DLE!A:A,DLE!AB:AB) -> 378699.69
A106: C2421 | B106: DANIEL OKPE | C106: United Bank for Africa Plc | D106: 2066834128 | E106: 033150011 | F106: =_xlfn.XLOOKUP(Table13[[#This Row],[Contractor Code]],DLE!A:A,DLE!AB:AB) -> 547170.31
A107: C2422 | B107: DAVID UDEH ANTHONY | C107: Stanbic IBTC Bank Plc | D107: 0034111065 | E107: 221150014 | F107: =_xlfn.XLOOKUP(Table13[[#This Row],[Contractor Code]],DLE!A:A,DLE!AB:AB) -> 371450.89
... A167: C2808 | B167: UZOMA CHIJOKE | C167: Zenith Bank Plc | D167: 2111002511 | E167: 057150013 | F167: =_xlfn.XLOOKUP(Table13[[#This Row],[Contractor Code]],DLE!A:A,DLE!AB:AB) -> 400900
A168: C2810 | B168: EKWERE NITEDO | C168: First Bank of Nigeria Limited | D168: 3025811857 | F168: =_xlfn.XLOOKUP(Table13[[#This Row],[Contractor Code]],DLE!A:A,DLE!AB:AB) -> 290272.5
A169: C2812 | B169: ONABANJO WASIU | C169: Access Bank Plc | D169: 0016498346 | F169: =_xlfn.XLOOKUP(Table13[[#This Row],[Contractor Code]],DLE!A:A,DLE!AB:AB) -> 237362.25
A170: C2813 | B170: AKINGBOYE GIDEON | C170: Zenith Bank Plc | D170: 1226218497 | E170: 057150013 | F170: =_xlfn.XLOOKUP(Table13[[#This Row],[Contractor Code]],DLE!A:A,DLE!AB:AB) -> 373694.37
A171: C2814 | B171: FASHINA AYOMIDE | C171: United Bank for Africa Plc | D171: 2393427301 | F171: =_xlfn.XLOOKUP(Table13[[#This Row],[Contractor Code]],DLE!A:A,DLE!AB:AB) -> 231206.25
A172: C2815 | B172: OKPUTU PAUL | C172: Polaris Bank | D172: 3054243198 | F172: =_xlfn.XLOOKUP(Table13[[#This Row],[Contractor Code]],DLE!A:A,DLE!AB:AB) -> 228705.37
A173: C2816 | B173: ANANU CHIBUZO | C173: Zenith Bank Plc | D173: 2171959394 | E173: 057150013 | F173: =_xlfn.XLOOKUP(Table13[[#This Row],[Contractor Code]],DLE!A:A,DLE!AB:AB) -> 283031.72
A174: C2817 | B174: FATOYINBO SAMUEL | C174: Wema Bank Plc | D174: 0233753896 | F174: =_xlfn.XLOOKUP(Table13[[#This Row],[Contractor Code]],DLE!A:A,DLE!AB:AB) -> 229282.5
A175: C2818 | B175: ODJEGBA PETER | C175: Zenith Bank Plc | D175: 2002378560 | E175: 057150013 | F175: =_xlfn.XLOOKUP(Table13[[#This Row],[Contractor Code]],DLE!A:A,DLE!AB:AB) -> 372014.06
A176: C2820 | B176: SAMAILA BILIKISU | C176: Guaranty Trust Bank Plc | D176: 1038928167 | F176: =_xlfn.XLOOKUP(Table13[[#This Row],[Contractor Code]],DLE!A:A,DLE!AB:AB) -> 212642.06
A177: C2823 | B177: AMADI VALINS | C177: Zenith Bank Plc | D177: 2267726679 | E177: 057150013 | F177: =_xlfn.XLOOKUP(Table13[[#This Row],[Contractor Code]],DLE!A:A,DLE!AB:AB) -> 43379.37
A178: C2824 | B178: MUYIDEEN SALAWU | C178: First Bank of Nigeria Limited | D178: 3031302466 | F178: =_xlfn.XLOOKUP(Table13[[#This Row],[Contractor Code]],DLE!A:A,DLE!AB:AB) -> 382814.37
A179: C2825 | B179: AKANDE ISMAIL | F179: =_xlfn.XLOOKUP(Table13[[#This Row],[Contractor Code]],DLE!A:A,DLE!AB:AB) -> 417067.81
A180: C2826 | B180: OYEWOLE TUNDE | F180: =_xlfn.XLOOKUP(Table13[[#This Row],[Contractor Code]],DLE!A:A,DLE!AB:AB) -> 338677.97
A181: C2827 | B181: AKAKA CHARLES | C181: Zenith Bank | D181: 2193745140 | E181: 057150013 | F181: =_xlfn.XLOOKUP(Table13[[#This Row],[Contractor Code]],DLE!A:A,DLE!AB:AB) -> 264337.5
A182: C2829 | B182: OGUWA CHRISTIAN | F182: =_xlfn.XLOOKUP(Table13[[#This Row],[Contractor Code]],DLE!A:A,DLE!AB:AB) -> 302019.85
A183: =SUBTOTAL(103,Table13[Contractor Code]) -> 180 | F183: =SUBTOTAL(109,Table13[NET Salary]) -> 60471839

Sheet DLPC.BANK.SCHD
A1: Employee Bank Details
A2: Contractor Code | B2: Contractor Name | C2: Bank | D2: Account No | E2: Sort Code | F2: NET Salary | G2: Location
A3: C2394 | B3: HAMMED IDOWU | C3: Guaranty Trust Bank Plc | D3: 0729570216 | E3: 058152052 | F3: =_xlfn.XLOOKUP(Table146[[#This Row],[Contractor Code]],Table52[Contractor Code],Table52[Amount Payable]) -> 203448.44 | G3: AGEGE
A4: C2396 | B4: AKINDELE MUSBAU | C4: Fidelity Bank Plc | D4: 5330178152 | E4: 070150003 | F4: =_xlfn.XLOOKUP(Table146[[#This Row],[Contractor Code]],Table52[Contractor Code],Table52[Amount Payable]) -> 203448.44 | G4: AGEGE
A5: C2408 | B5: ANTHONY LAWRENCE | C5: Guaranty Trust Bank Plc | D5: 0742476502 | E5: 058152052 | F5: =_xlfn.XLOOKUP(Table146[[#This Row],[Contractor Code]],Table52[Contractor Code],Table52[Amount Payable]) -> 213631.25 | G5: AGEGE
A6: C2443 | B6: GANIYU ADEBIYI | C6: Guaranty Trust Bank Plc | D6: 0254241197 | E6: 058152052 | F6: =_xlfn.XLOOKUP(Table146[[#This Row],[Contractor Code]],Table52[Contractor Code],Table52[Amount Payable]) -> 203448.44 | G6: AGEGE
A7: C2506 | B7: ONOJA MICHAEL | C7: Guaranty Trust Bank Plc | D7: 0797313568 | E7: 058152052 | F7: =_xlfn.XLOOKUP(Table146[[#This Row],[Contractor Code]],Table52[Contractor Code],Table52[Amount Payable]) -> 203448.44 | G7: AGEGE
A8: C2512 | B8: OVAT SUNDAY | C8: Zenith Bank Plc | D8: 4243185836 | E8: 057150013 | F8: =_xlfn.XLOOKUP(Table146[[#This Row],[Contractor Code]],Table52[Contractor Code],Table52[Amount Payable]) -> 185119.37 | G8: AGEGE
A9: C2522 | B9: RASAK JAMIU | C9: Guaranty Trust Bank Plc | D9: 0743000458 | E9: 058152052 | F9: =_xlfn.XLOOKUP(Table146[[#This Row],[Contractor Code]],Table52[Contractor Code],Table52[Amount Payable]) -> 203448.44 | G9: AGEGE
A10: =SUBTOTAL(103,Table146[Contractor Code]) -> 7 | F10: =SUBTOTAL(109,Table146[NET Salary]) -> 1415992.8
