Workbook

Sheet SUMMARY
A1: AUGUST 2026 DAYRATE PAYMENT SCHEDULE
A3: COMPANY | B3: HEADCOUNT | C3: GROSS PAY | D3: NET PAY
A4: DLE | B4: =Table4[[#Totals],[Emp. Code]] -> 181 | C4: =Table4[[#Totals],[Gross Salary]] -> 68406170 | D4: =Table4[[#Totals],[Net Pay]] -> 64985862
A5: DLPC | B5: =Table52[[#Totals],[Emp. Code]] -> 7 | C5: =Table52[[#Totals],[Gross Salary]] -> 1656987.5 | D5: =Table52[[#Totals],[Net Pay]] -> 1574138.1
A6: Total | B6: =SUBTOTAL(109,Table7[HEADCOUNT]) -> 188 | C6: =SUBTOTAL(109,Table7[GROSS PAY]) -> 70063158 | D6: =SUBTOTAL(109,Table7[NET PAY]) -> 66560000

Sheet DLE
A1: Emp. Code | B1: First Name | C1: Last Name | D1: Job Title | E1: Location | F1: Daily Rate | G1: AGE | H1: Gender | I1: Total Weekday | J1: Weekday OVT | K1: Total Saturday | L1: Total Sunday | M1: Night Worked | N1: Wkd Earning | O1: Wkd Ovt Amt | P1: Sat Ovt Amt | Q1: Sun Ovt Amt | R1: Night Amt | S1: Meal Allowance | T1: Transport | U1: Site Allowance | V1: TCM Meal | W1: TCM TRANSPORT | X1: Arrears | Y1: Total Earnings | Z1: WHT | AA1: Gross Salary | AB1: Net Pay
A2: C1065 | B2: VINCENT | C2: OGHENERIE | D2: FITTER 1 | E2: IDI - IDI_ORO | F2: 14050 | G2: 63 | H2: M | I2: 22 | J2: 13 | K2: 0 | L2: 0 | M2: 0 | N2: =Table4[[#This Row],[Total Weekday]]*Table4[[#This Row],[Daily Rate]] -> 309100 | O2: =Table4[[#This Row],[Daily Rate]]/8*1.5*Table4[[#This Row],[Weekday OVT]] -> 34246.875 | P2: =Table4[[#This Row],[Daily Rate]]/8*(1.5*Table4[[#This Row],[Total Saturday]]) -> 0 | Q2: =Table4[[#This Row],[Daily Rate]]/8*(2*Table4[[#This Row],[Total Sunday]]) -> 0 | R2: =2500*Table4[[#This Row],[Night Worked]] -> 0 | S2: =500*Table4[[#This Row],[Total Weekday]] -> 11000 | Y2: =SUM(Table4[[#This Row],[Wkd Earning]:[Arrears]]) -> 354346.88 | Z2: =0.05*Table4[[#This Row],[Total Earnings]] -> 17717.344 | AA2: =Table4[[#This Row],[Total Earnings]] -> 354346.88 | AB2: =Table4[[#This Row],[Gross Salary]]-Table4[[#This Row],[WHT]] -> 336629.53
A3: C1888 | B3: OLATUNJI | C3: YEKINI | D3: 6GR (SMAW & GTAW) | E3: IDI - IDI_ORO | F3: 16700 | G3: 57 | H3: M | I3: 22 | J3: 10 | K3: 0 | L3: 0 | M3: 0 | N3: =Table4[[#This Row],[Total Weekday]]*Table4[[#This Row],[Daily Rate]] -> 367400 | O3: =Table4[[#This Row],[Daily Rate]]/8*1.5*Table4[[#This Row],[Weekday OVT]] -> 31312.5 | P3: =Table4[[#This Row],[Daily Rate]]/8*(1.5*Table4[[#This Row],[Total Saturday]]) -> 0 | Q3: =Table4[[#This Row],[Daily Rate]]/8*(2*Table4[[#This Row],[Total Sunday]]) -> 0 | R3: =2500*Table4[[#This Row],[Night Worked]] -> 0 | S3: =500*Table4[[#This Row],[Total Weekday]] -> 11000 | Y3: =SUM(Table4[[#This Row],[Wkd Earning]:[Arrears]]) -> 409712.5 | Z3: =0.05*Table4[[#This Row],[Total Earnings]] -> 20485.625 | AA3: =Table4[[#This Row],[Total Earnings]] -> 409712.5 | AB3: =Table4[[#This Row],[Gross Salary]]-Table4[[#This Row],[WHT]] -> 389226.88
A4: C2513 | B4: OLAYIWOLA | C4: OWOLABI | D4: FITTER | E4: IDI - IDI_ORO | F4: 14050 | G4: 62 | H4: M | I4: 22 | J4: 14 | K4: 0 | L4: 0 | M4: 0 | N4: =Table4[[#This Row],[Total Weekday]]*Table4[[#This Row],[Daily Rate]] -> 309100 | O4: =Table4[[#This Row],[Daily Rate]]/8*1.5*Table4[[#This Row],[Weekday OVT]] -> 36881.25 | P4: =Table4[[#This Row],[Daily Rate]]/8*(1.5*Table4[[#This Row],[Total Saturday]]) -> 0 | Q4: =Table4[[#This Row],[Daily Rate]]/8*(2*Table4[[#This Row],[Total Sunday]]) -> 0 | R4: =2500*Table4[[#This Row],[Night Worked]] -> 0 | S4: =500*Table4[[#This Row],[Total Weekday]] -> 11000 | Y4: =SUM(Table4[[#This Row],[Wkd Earning]:[Arrears]]) -> 356981.25 | Z4: =0.05*Table4[[#This Row],[Total Earnings]] -> 17849.062 | AA4: =Table4[[#This Row],[Total Earnings]] -> 356981.25 | AB4: =Table4[[#This Row],[Gross Salary]]-Table4[[#This Row],[WHT]] -> 339132.19
A5: C0129 | B5: AGWU | C5: KALU | D5: GRINDER/PWHT ASSISTANT | E5: IDI - IDI_ORO | F5: 13050 | G5: 64 | H5: M | I5: 22 | J5: 12 | K5: 0 | L5: 0 | M5: 0 | N5: =Table4[[#This Row],[Total Weekday]]*Table4[[#This Row],[Daily Rate]] -> 287100 | O5: =Table4[[#This Row],[Daily Rate]]/8*1.5*Table4[[#This Row],[Weekday OVT]] -> 29362.5 | P5: =Table4[[#This Row],[Daily Rate]]/8*(1.5*Table4[[#This Row],[Total Saturday]]) -> 0 | Q5: =Table4[[#This Row],[Daily Rate]]/8*(2*Table4[[#This Row],[Total Sunday]]) -> 0 | R5: =2500*Table4[[#This Row],[Night Worked]] -> 0 | S5: =500*Table4[[#This Row],[Total Weekday]] -> 11000 | Y5: =SUM(Table4[[#This Row],[Wkd Earning]:[Arrears]]) -> 327462.5 | Z5: =0.05*Table4[[#This Row],[Total Earnings]] -> 16373.125 | AA5: =Table4[[#This Row],[Total Earnings]] -> 327462.5 | AB5: =Table4[[#This Row],[Gross Salary]]-Table4[[#This Row],[WHT]] -> 311089.38
A6: C0293 | B6: OLAKUNLE | C6: OLANIYAN | D6: ELECTRICIAN | E6: IDI - IDI_ORO | F6: 10250 | G6: 57 | H6: M | I6: 27 | J6: 43 | K6: 35 | L6: 10 | M6: 8 | N6: =Table4[[#This Row],[Total Weekday]]*Table4[[#This Row],[Daily Rate]] -> 276750 | O6: =Table4[[#This Row],[Daily Rate]]/8*1.5*Table4[[#This Row],[Weekday OVT]] -> 82640.625 | P6: =Table4[[#This Row],[Daily Rate]]/8*(1.5*Table4[[#This Row],[Total Saturday]]) -> 67265.625 | Q6: =Table4[[#This Row],[Daily Rate]]/8*(2*Table4[[#This Row],[Total Sunday]]) -> 25625 | R6: =2500*Table4[[#This Row],[Night Worked]] -> 20000 | S6: =500*Table4[[#This Row],[Total Weekday]] -> 13500 | Y6: =SUM(Table4[[#This Row],[Wkd Earning]:[Arrears]]) -> 485781.25 | Z6: =0.05*Table4[[#This Row],[Total Earnings]] -> 24289.062 | AA6: =Table4[[#This Row],[Total Earnings]] -> 485781.25 | AB6: =Table4[[#This Row],[Gross Salary]]-Table4[[#This Row],[WHT]] -> 461492.19
A7: C0974 | B7: STEPHEN | C7: ETUERI | D7: MACHINE SHOP SUPRITENDENT | E7: IDI - IDI_ORO | F7: 17850 | G7: 78 | H7: M | I7: 22 | J7: 0 | K7: 0 | L7: 0 | M7: 0 | N7: =Table4[[#This Row],[Total Weekday]]*Table4[[#This Row],[Daily Rate]] -> 392700 | O7: =Table4[[#This Row],[Daily Rate]]/8*1.5*Table4[[#This Row],[Weekday OVT]] -> 0 | P7: =Table4[[#This Row],[Daily Rate]]/8*(1.5*Table4[[#This Row],[Total Saturday]]) -> 0 | Q7: =Table4[[#This Row],[Daily Rate]]/8*(2*Table4[[#This Row],[Total Sunday]]) -> 0 | R7: =2500*Table4[[#This Row],[Night Worked]] -> 0 | S7: =500*Table4[[#This Row],[Total Weekday]] -> 11000 | Y7: =SUM(Table4[[#This Row],[Wkd Earning]:[Arrears]]) -> 403700 | Z7: =0.05*Table4[[#This Row],[Total Earnings]] -> 20185 | AA7: =Table4[[#This Row],[Total Earnings]] -> 403700 | AB7: =Table4[[#This Row],[Gross Salary]]-Table4[[#This Row],[WHT]] -> 383515
A8: C1035 | B8: DONATUS | C8: EJEH | D8: RIGGER | E8: IDI - IDI_ORO | F8: 13150 | G8: 52 | H8: M | I8: 22 | J8: 10 | K8: 0 | L8: 0 | M8: 0 | N8: =Table4[[#This Row],[Total Weekday]]*Table4[[#This Row],[Daily Rate]] -> 289300 | O8: =Table4[[#This Row],[Daily Rate]]/8*1.5*Table4[[#This Row],[Weekday OVT]] -> 24656.25 | P8: =Table4[[#This Row],[Daily Rate]]/8*(1.5*Table4[[#This Row],[Total Saturday]]) -> 0 | Q8: =Table4[[#This Row],[Daily Rate]]/8*(2*Table4[[#This Row],[Total Sunday]]) -> 0 | R8: =2500*Table4[[#This Row],[Night Worked]] -> 0 | S8: =500*Table4[[#This Row],[Total Weekday]] -> 11000 | Y8: =SUM(Table4[[#This Row],[Wkd Earning]:[Arrears]]) -> 324956.25 | Z8: =0.05*Table4[[#This Row],[Total Earnings]] -> 16247.812 | AA8: =Table4[[#This Row],[Total Earnings]] -> 324956.25 | AB8: =Table4[[#This Row],[Gross Salary]]-Table4[[#This Row],[WHT]] -> 308708.44
A9: C1162 | B9: ADEWALE | C9: ADEKOYA | D9: 6GR (SMAW & GTAW) | E9: IDI - IDI_ORO | F9: 23500 | G9: 55 | H9: M | I9: 25 | J9: 15 | K9: 6 | L9: 0 | M9: 0 | N9: =Table4[[#This Row],[Total Weekday]]*Table4[[#This Row],[Daily Rate]] -> 587500 | O9: =Table4[[#This Row],[Daily Rate]]/8*1.5*Table4[[#This Row],[Weekday OVT]] -> 66093.75 | P9: =Table4[[#This Row],[Daily Rate]]/8*(1.5*Table4[[#This Row],[Total Saturday]]) -> 26437.5 | Q9: =Table4[[#This Row],[Daily Rate]]/8*(2*Table4[[#This Row],[Total Sunday]]) -> 0 | R9: =2500*Table4[[#This Row],[Night Worked]] -> 0 | S9: =500*Table4[[#This Row],[Total Weekday]] -> 12500 | T9: 12000 | Y9: =SUM(Table4[[#This Row],[Wkd Earning]:[Arrears]]) -> 704531.25 | Z9: =0.05*Table4[[#This Row],[Total Earnings]] -> 35226.562 | AA9: =Table4[[#This Row],[Total Earnings]] -> 704531.25 | AB9: =Table4[[#This Row],[Gross Salary]]-Table4[[#This Row],[WHT]] -> 669304.69
A10: C1491 | B10: NNAMDI | C10: VINCENT | D10: GRINDER | E10: IDI - IDI_ORO | F10: 10250 | G10: 46 | H10: M | I10: 22 | J10: 10 | K10: 0 | L10: 0 | M10: 0 | N10: =Table4[[#This Row],[Total Weekday]]*Table4[[#This Row],[Daily Rate]] -> 225500 | O10: =Table4[[#This Row],[Daily Rate]]/8*1.5*Table4[[#This Row],[Weekday OVT]] -> 19218.75 | P10: =Table4[[#This Row],[Daily Rate]]/8*(1.5*Table4[[#This Row],[Total Saturday]]) -> 0 | Q10: =Table4[[#This Row],[Daily Rate]]/8*(2*Table4[[#This Row],[Total Sunday]]) -> 0 | R10: =2500*Table4[[#This Row],[Night Worked]] -> 0 | S10: =500*Table4[[#This Row],[Total Weekday]] -> 11000 | Y10: =SUM(Table4[[#This Row],[Wkd Earning]:[Arrears]]) -> 255718.75 | Z10: =0.05*Table4[[#This Row],[Total Earnings]] -> 12785.938 | AA10: =Table4[[#This Row],[Total Earnings]] -> 255718.75 | AB10: =Table4[[#This Row],[Gross Salary]]-Table4[[#This Row],[WHT]] -> 242932.81
A11: C1705 | B11: MATTHEW | C11: ROTIMI | D11: MECHANIC | E11: IDI - IDI_ORO | F11: 10250 | G11: 47 | H11: M | I11: 29 | J11: 15 | K11: 45 | L11: 20 | M11: 0 | N11: =Table4[[#This Row],[Total Weekday]]*Table4[[#This Row],[Daily Rate]] -> 297250 | O11: =Table4[[#This Row],[Daily Rate]]/8*1.5*Table4[[#This Row],[Weekday OVT]] -> 28828.125 | P11: =Table4[[#This Row],[Daily Rate]]/8*(1.5*Table4[[#This Row],[Total Saturday]]) -> 86484.375 | Q11: =Table4[[#This Row],[Daily Rate]]/8*(2*Table4[[#This Row],[Total Sunday]]) -> 51250 | R11: =2500*Table4[[#This Row],[Night Worked]] -> 0 | S11: =500*Table4[[#This Row],[Total Weekday]] -> 14500 | Y11: =SUM(Table4[[#This Row],[Wkd Earning]:[Arrears]]) -> 478312.5 | Z11: =0.05*Table4[[#This Row],[Total Earnings]] -> 23915.625 | AA11: =Table4[[#This Row],[Total Earnings]] -> 478312.5 | AB11: =Table4[[#This Row],[Gross Salary]]-Table4[[#This Row],[WHT]] -> 454396.88
A12: C1728 | B12: MOHAMMED | C12: IBRAHIM | D12: 6GR (SMAW & GTAW) | E12: IDI - IDI_ORO | F12: 23500 | G12: 38 | H12: M | I12: 25 | J12: 10 | K12: 11 | L12: 0 | M12: 0 | N12: =Table4[[#This Row],[Total Weekday]]*Table4[[#This Row],[Daily Rate]] -> 587500 | O12: =Table4[[#This Row],[Daily Rate]]/8*1.5*Table4[[#This Row],[Weekday OVT]] -> 44062.5 | P12: =Table4[[#This Row],[Daily Rate]]/8*(1.5*Table4[[#This Row],[Total Saturday]]) -> 48468.75 | Q12: =Table4[[#This Row],[Daily Rate]]/8*(2*Table4[[#This Row],[Total Sunday]]) -> 0 | R12: =2500*Table4[[#This Row],[Night Worked]] -> 0 | S12: =500*Table4[[#This Row],[Total Weekday]] -> 12500 | Y12: =SUM(Table4[[#This Row],[Wkd Earning]:[Arrears]]) -> 692531.25 | Z12: =0.05*Table4[[#This Row],[Total Earnings]] -> 34626.562 | AA12: =Table4[[#This Row],[Total Earnings]] -> 692531.25 | AB12: =Table4[[#This Row],[Gross Salary]]-Table4[[#This Row],[WHT]] -> 657904.69
A13: C1779 | B13: KENNEDY | C13: EBUNO | D13: SMAW&GTAW (CS) WELDER | E13: IDI - IDI_ORO | F13: 23500 | G13: 62 | H13: M | I13: 24 | J13: 17 | K13: 0 | L13: 0 | M13: 0 | N13: =Table4[[#This Row],[Total Weekday]]*Table4[[#This Row],[Daily Rate]] -> 564000 | O13: =Table4[[#This Row],[Daily Rate]]/8*1.5*Table4[[#This Row],[Weekday OVT]] -> 74906.25 | P13: =Table4[[#This Row],[Daily Rate]]/8*(1.5*Table4[[#This Row],[Total Saturday]]) -> 0 | Q13: =Table4[[#This Row],[Daily Rate]]/8*(2*Table4[[#This Row],[Total Sunday]]) -> 0 | R13: =2500*Table4[[#This Row],[Night Worked]] -> 0 | S13: =500*Table4[[#This Row],[Total Weekday]] -> 12000 | Y13: =SUM(Table4[[#This Row],[Wkd Earning]:[Arrears]]) -> 650906.25 | Z13: =0.05*Table4[[#This Row],[Total Earnings]] -> 32545.312 | AA13: =Table4[[#This Row],[Total Earnings]] -> 650906.25 | AB13: =Table4[[#This Row],[Gross Salary]]-Table4[[#This Row],[WHT]] -> 618360.94
A14: C1788 | B14: JONAH | C14: SAMUEL | D14: FITTER | E14: IDI - IDI_ORO | F14: 14050 | G14: 49 | H14: M | I14: 22 | J14: 6 | K14: 0 | L14: 0 | M14: 0 | N14: =Table4[[#This Row],[Total Weekday]]*Table4[[#This Row],[Daily Rate]] -> 309100 | O14: =Table4[[#This Row],[Daily Rate]]/8*1.5*Table4[[#This Row],[Weekday OVT]] -> 15806.25 | P14: =Table4[[#This Row],[Daily Rate]]/8*(1.5*Table4[[#This Row],[Total Saturday]]) -> 0 | Q14: =Table4[[#This Row],[Daily Rate]]/8*(2*Table4[[#This Row],[Total Sunday]]) -> 0 | R14: =2500*Table4[[#This Row],[Night Worked]] -> 0 | S14: =500*Table4[[#This Row],[Total Weekday]] -> 11000 | Y14: =SUM(Table4[[#This Row],[Wkd Earning]:[Arrears]]) -> 335906.25 | Z14: =0.05*Table4[[#This Row],[Total Earnings]] -> 16795.312 | AA14: =Table4[[#This Row],[Total Earnings]] -> 335906.25 | AB14: =Table4[[#This Row],[Gross Salary]]-Table4[[#This Row],[WHT]] -> 319110.94
A15: C1820 | B15: SUNDAY | C15: OKORO | D15: FITTER | E15: IDI - IDI_ORO | F15: 14050 | G15: 56 | H15: M | I15: 22 | J15: 13 | K15: 0 | L15: 0 | M15: 0 | N15: =Table4[[#This Row],[Total Weekday]]*Table4[[#This Row],[Daily Rate]] -> 309100 | O15: =Table4[[#This Row],[Daily Rate]]/8*1.5*Table4[[#This Row],[Weekday OVT]] -> 34246.875 | P15: =Table4[[#This Row],[Daily Rate]]/8*(1.5*Table4[[#This Row],[Total Saturday]]) -> 0 | Q15: =Table4[[#This Row],[Daily Rate]]/8*(2*Table4[[#This Row],[Total Sunday]]) -> 0 | R15: =2500*Table4[[#This Row],[Night Worked]] -> 0 | S15: =500*Table4[[#This Row],[Total Weekday]] -> 11000 | Y15: =SUM(Table4[[#This Row],[Wkd Earning]:[Arrears]]) -> 354346.88 | Z15: =0.05*Table4[[#This Row],[Total Earnings]] -> 17717.344 | AA15: =Table4[[#This Row],[Total Earnings]] -> 354346.88 | AB15: =Table4[[#This Row],[Gross Salary]]-Table4[[#This Row],[WHT]] -> 336629.53
A16: C1823 | B16: MATTHEW | C16: EGBUJOR | D16: GRINDER | E16: IDI - IDI_ORO | F16: 10250 | G16: 61 | H16: M | I16: 22 | J16: 15 | K16: 0 | L16: 0 | M16: 0 | N16: =Table4[[#This Row],[Total Weekday]]*Table4[[#This Row],[Daily Rate]] -> 225500 | O16: =Table4[[#This Row],[Daily Rate]]/8*1.5*Table4[[#This Row],[Weekday OVT]] -> 28828.125 | P16: =Table4[[#This Row],[Daily Rate]]/8*(1.5*Table4[[#This Row],[Total Saturday]]) -> 0 | Q16: =Table4[[#This Row],[Daily Rate]]/8*(2*Table4[[#This Row],[Total Sunday]]) -> 0 | R16: =2500*Table4[[#This Row],[Night Worked]] -> 0 | S16: =500*Table4[[#This Row],[Total Weekday]] -> 11000 | Y16: =SUM(Table4[[#This Row],[Wkd Earning]:[Arrears]]) -> 265328.12 | Z16: =0.05*Table4[[#This Row],[Total Earnings]] -> 13266.406 | AA16: =Table4[[#This Row],[Total Earnings]] -> 265328.12 | AB16: =Table4[[#This Row],[Gross Salary]]-Table4[[#This Row],[WHT]] -> 252061.72
A17: C1824 | B17: ALPHONSUS | C17: ADAOWO | D17: FITTER | E17: IDI - IDI_ORO | F17: 14050 | G17: 45 | H17: M | I17: 22 | J17: 4 | K17: 0 | L17: 0 | M17: 0 | N17: =Table4[[#This Row],[Total Weekday]]*Table4[[#This Row],[Daily Rate]] -> 309100 | O17: =Table4[[#This Row],[Daily Rate]]/8*1.5*Table4[[#This Row],[Weekday OVT]] -> 10537.5 | P17: =Table4[[#This Row],[Daily Rate]]/8*(1.5*Table4[[#This Row],[Total Saturday]]) -> 0 | Q17: =Table4[[#This Row],[Daily Rate]]/8*(2*Table4[[#This Row],[Total Sunday]]) -> 0 | R17: =2500*Table4[[#This Row],[Night Worked]] -> 0 | S17: =500*Table4[[#This Row],[Total Weekday]] -> 11000 | Y17: =SUM(Table4[[#This Row],[Wkd Earning]:[Arrears]]) -> 330637.5 | Z17: =0.05*Table4[[#This Row],[Total Earnings]] -> 16531.875 | AA17: =Table4[[#This Row],[Total Earnings]] -> 330637.5 | AB17: =Table4[[#This Row],[Gross Salary]]-Table4[[#This Row],[WHT]] -> 314105.62
A18: C1840 | B18: FRIDAY | C18: ISINGUZO | D18: GRINDER | E18: IDI - IDI_ORO | F18: 10250 | G18: 59 | H18: M | I18: 22 | J18: 13 | K18: 0 | L18: 0 | M18: 0 | N18: =Table4[[#This Row],[Total Weekday]]*Table4[[#This Row],[Daily Rate]] -> 225500 | O18: =Table4[[#This Row],[Daily Rate]]/8*1.5*Table4[[#This Row],[Weekday OVT]] -> 24984.375 | P18: =Table4[[#This Row],[Daily Rate]]/8*(1.5*Table4[[#This Row],[Total Saturday]]) -> 0 | Q18: =Table4[[#This Row],[Daily Rate]]/8*(2*Table4[[#This Row],[Total Sunday]]) -> 0 | R18: =2500*Table4[[#This Row],[Night Worked]] -> 0 | S18: =500*Table4[[#This Row],[Total Weekday]] -> 11000 | Y18: =SUM(Table4[[#This Row],[Wkd Earning]:[Arrears]]) -> 261484.38 | Z18: =0.05*Table4[[#This Row],[Total Earnings]] -> 13074.219 | AA18: =Table4[[#This Row],[Total Earnings]] -> 261484.38 | AB18: =Table4[[#This Row],[Gross Salary]]-Table4[[#This Row],[WHT]] -> 248410.16
A19: C1849 | B19: SUCCESS | C19: OKORIE | D19: FACTORY CLEANER | E19: IDI - IDI_ORO | F19: 8600 | G19: 35 | H19: M | I19: 22 | J19: 0 | K19: 0 | L19: 0 | M19: 0 | N19: =Table4[[#This Row],[Total Weekday]]*Table4[[#This Row],[Daily Rate]] -> 189200 | O19: =Table4[[#This Row],[Daily Rate]]/8*1.5*Table4[[#This Row],[Weekday OVT]] -> 0 | P19: =Table4[[#This Row],[Daily Rate]]/8*(1.5*Table4[[#This Row],[Total Saturday]]) -> 0 | Q19: =Table4[[#This Row],[Daily Rate]]/8*(2*Table4[[#This Row],[Total Sunday]]) -> 0 | R19: =2500*Table4[[#This Row],[Night Worked]] -> 0 | S19: =500*Table4[[#This Row],[Total Weekday]] -> 11000 | Y19: =SUM(Table4[[#This Row],[Wkd Earning]:[Arrears]]) -> 200200 | Z19: =0.05*Table4[[#This Row],[Total Earnings]] -> 10010 | AA19: =Table4[[#This Row],[Total Earnings]] -> 200200 | AB19: =Table4[[#This Row],[Gross Salary]]-Table4[[#This Row],[WHT]] -> 190190
A20: C1882 | B20: MOMOH | C20: MOHAMMED | D20: FITTER SUPERVISOR | E20: IDI - IDI_ORO | F20: 17850 | G20: 52 | H20: M | I20: 31 | J20: 0 | K20: 55 | L20: 44 | M20: 0 | N20: =Table4[[#This Row],[Total Weekday]]*Table4[[#This Row],[Daily Rate]] -> 553350 | O20: =Table4[[#This Row],[Daily Rate]]/8*1.5*Table4[[#This Row],[Weekday OVT]] -> 0 | P20: =Table4[[#This Row],[Daily Rate]]/8*(1.5*Table4[[#This Row],[Total Saturday]]) -> 184078.12 | Q20: =Table4[[#This Row],[Daily Rate]]/8*(2*Table4[[#This Row],[Total Sunday]]) -> 196350 | R20: =2500*Table4[[#This Row],[Night Worked]] -> 0 | S20: =500*Table4[[#This Row],[Total Weekday]] -> 15500 | Y20: =SUM(Table4[[#This Row],[Wkd Earning]:[Arrears]]) -> 949278.12 | Z20: =0.05*Table4[[#This Row],[Total Earnings]] -> 47463.906 | AA20: =Table4[[#This Row],[Total Earnings]] -> 949278.12 | AB20: =Table4[[#This Row],[Gross Salary]]-Table4[[#This Row],[WHT]] -> 901814.22
A21: C1920 | B21: AZEEZ | C21: LATEEF | D21: BLASTER/PAINTER | E21: IDI - IDI_ORO | F21: 12750 | G21: 56 | H21: M | I21: 22 | J21: 0 | K21: 0 | L21: 0 | M21: 0 | N21: =Table4[[#This Row],[Total Weekday]]*Table4[[#This Row],[Daily Rate]] -> 280500 | O21: =Table4[[#This Row],[Daily Rate]]/8*1.5*Table4[[#This Row],[Weekday OVT]] -> 0 | P21: =Table4[[#This Row],[Daily Rate]]/8*(1.5*Table4[[#This Row],[Total Saturday]]) -> 0 | Q21: =Table4[[#This Row],[Daily Rate]]/8*(2*Table4[[#This Row],[Total Sunday]]) -> 0 | R21: =2500*Table4[[#This Row],[Night Worked]] -> 0 | S21: =500*Table4[[#This Row],[Total Weekday]] -> 11000 | Y21: =SUM(Table4[[#This Row],[Wkd Earning]:[Arrears]]) -> 291500 | Z21: =0.05*Table4[[#This Row],[Total Earnings]] -> 14575 | AA21: =Table4[[#This Row],[Total Earnings]] -> 291500 | AB21: =Table4[[#This Row],[Gross Salary]]-Table4[[#This Row],[WHT]] -> 276925
... A29: C2404 | B29: MATHEW | C29: AMEH | D29: SCAFFOLDER | E29: IDI - IDI_ORO | F29: 13250 | G29: 41 | H29: M | I29: 22 | J29: 9 | K29: 0 | L29: 0 | M29: 0 | N29: =Table4[[#This Row],[Total Weekday]]*Table4[[#This Row],[Daily Rate]] -> 291500 | O29: =Table4[[#This Row],[Daily Rate]]/8*1.5*Table4[[#This Row],[Weekday OVT]] -> 22359.375 | P29: =Table4[[#This Row],[Daily Rate]]/8*(1.5*Table4[[#This Row],[Total Saturday]]) -> 0 | Q29: =Table4[[#This Row],[Daily Rate]]/8*(2*Table4[[#This Row],[Total Sunday]]) -> 0 | R29: =2500*Table4[[#This Row],[Night Worked]] -> 0 | S29: =500*Table4[[#This Row],[Total Weekday]] -> 11000 | Y29: =SUM(Table4[[#This Row],[Wkd Earning]:[Arrears]]) -> 324859.38 | Z29: =0.05*Table4[[#This Row],[Total Earnings]] -> 16242.969 | AA29: =Table4[[#This Row],[Total Earnings]] -> 324859.38 | AB29: =Table4[[#This Row],[Gross Salary]]-Table4[[#This Row],[WHT]] -> 308616.41
A30: C2421 | B30: OKPE | C30: DANIEL | D30: WELDER MATE | E30: IDI - IDI_ORO | F30: 23500 | G30: 27 | H30: M | I30: 25 | J30: 16 | K30: 6 | L30: 0 | M30: 0 | N30: =Table4[[#This Row],[Total Weekday]]*Table4[[#This Row],[Daily Rate]] -> 587500 | O30: =Table4[[#This Row],[Daily Rate]]/8*1.5*Table4[[#This Row],[Weekday OVT]] -> 70500 | P30: =Table4[[#This Row],[Daily Rate]]/8*(1.5*Table4[[#This Row],[Total Saturday]]) -> 26437.5 | Q30: =Table4[[#This Row],[Daily Rate]]/8*(2*Table4[[#This Row],[Total Sunday]]) -> 0 | R30: =2500*Table4[[#This Row],[Night Worked]] -> 0 | S30: =500*Table4[[#This Row],[Total Weekday]] -> 12500 | T30: 12000 | Y30: =SUM(Table4[[#This Row],[Wkd Earning]:[Arrears]]) -> 708937.5 | Z30: =0.05*Table4[[#This Row],[Total Earnings]] -> 35446.875 | AA30: =Table4[[#This Row],[Total Earnings]] -> 708937.5 | AB30: =Table4[[#This Row],[Gross Salary]]-Table4[[#This Row],[WHT]] -> 673490.62
A31: C2422 | B31: UDEH | C31: DAVID | D31: WELDER MATE | E31: IDI - IDI_ORO | F31: 13550 | G31: 31 | H31: M | I31: 24 | J31: 34 | K31: 17 | L31: 0 | M31: 0 | N31: =Table4[[#This Row],[Total Weekday]]*Table4[[#This Row],[Daily Rate]] -> 325200 | O31: =Table4[[#This Row],[Daily Rate]]/8*1.5*Table4[[#This Row],[Weekday OVT]] -> 86381.25 | P31: =Table4[[#This Row],[Daily Rate]]/8*(1.5*Table4[[#This Row],[Total Saturday]]) -> 43190.625 | Q31: =Table4[[#This Row],[Daily Rate]]/8*(2*Table4[[#This Row],[Total Sunday]]) -> 0 | R31: =2500*Table4[[#This Row],[Night Worked]] -> 0 | S31: =500*Table4[[#This Row],[Total Weekday]] -> 12000 | Y31: =SUM(Table4[[#This Row],[Wkd Earning]:[Arrears]]) -> 466771.88 | Z31: =0.05*Table4[[#This Row],[Total Earnings]] -> 23338.594 | AA31: =Table4[[#This Row],[Total Earnings]] -> 466771.88 | AB31: =Table4[[#This Row],[Gross Salary]]-Table4[[#This Row],[WHT]] -> 443433.28
A32: C2456 | B32: OGAH | C32: IMONI | D32: RIGGER | E32: IDI - IDI_ORO | F32: 11575 | G32: 47 | H32: M | I32: 31 | J32: 0 | K32: 55 | L32: 44 | M32: 0 | N32: =Table4[[#This Row],[Total Weekday]]*Table4[[#This Row],[Daily Rate]] -> 358825 | O32: =Table4[[#This Row],[Daily Rate]]/8*1.5*Table4[[#This Row],[Weekday OVT]] -> 0 | P32: =Table4[[#This Row],[Daily Rate]]/8*(1.5*Table4[[#This Row],[Total Saturday]]) -> 119367.19 | Q32: =Table4[[#This Row],[Daily Rate]]/8*(2*Table4[[#This Row],[Total Sunday]]) -> 127325 | R32: =2500*Table4[[#This Row],[Night Worked]] -> 0 | S32: =500*Table4[[#This Row],[Total Weekday]] -> 15500 | Y32: =SUM(Table4[[#This Row],[Wkd Earning]:[Arrears]]) -> 621017.19 | Z32: =0.05*Table4[[#This Row],[Total Earnings]] -> 31050.859 | AA32: =Table4[[#This Row],[Total Earnings]] -> 621017.19 | AB32: =Table4[[#This Row],[Gross Salary]]-Table4[[#This Row],[WHT]] -> 589966.33
A33: C2462 | B33: NASIRU | C33: JAMIU | D33: WELDER | E33: IDI - IDI_ORO | F33: 20100 | G33: 58 | H33: M | I33: 22 | J33: 3 | K33: 0 | L33: 0 | M33: 0 | N33: =Table4[[#This Row],[Total Weekday]]*Table4[[#This Row],[Daily Rate]] -> 442200 | O33: =Table4[[#This Row],[Daily Rate]]/8*1.5*Table4[[#This Row],[Weekday OVT]] -> 11306.25 | P33: =Table4[[#This Row],[Daily Rate]]/8*(1.5*Table4[[#This Row],[Total Saturday]]) -> 0 | Q33: =Table4[[#This Row],[Daily Rate]]/8*(2*Table4[[#This Row],[Total Sunday]]) -> 0 | R33: =2500*Table4[[#This Row],[Night Worked]] -> 0 | S33: =500*Table4[[#This Row],[Total Weekday]] -> 11000 | Y33: =SUM(Table4[[#This Row],[Wkd Earning]:[Arrears]]) -> 464506.25 | Z33: =0.05*Table4[[#This Row],[Total Earnings]] -> 23225.312 | AA33: =Table4[[#This Row],[Total Earnings]] -> 464506.25 | AB33: =Table4[[#This Row],[Gross Salary]]-Table4[[#This Row],[WHT]] -> 441280.94
A34: C2470 | B34: YEKINI | C34: LAWAL | D34: BURNER | E34: IDI - IDI_ORO | F34: 10250 | G34: 64 | H34: M | I34: 22 | J34: 10 | K34: 0 | L34: 0 | M34: 0 | N34: =Table4[[#This Row],[Total Weekday]]*Table4[[#This Row],[Daily Rate]] -> 225500 | O34: =Table4[[#This Row],[Daily Rate]]/8*1.5*Table4[[#This Row],[Weekday OVT]] -> 19218.75 | P34: =Table4[[#This Row],[Daily Rate]]/8*(1.5*Table4[[#This Row],[Total Saturday]]) -> 0 | Q34: =Table4[[#This Row],[Daily Rate]]/8*(2*Table4[[#This Row],[Total Sunday]]) -> 0 | R34: =2500*Table4[[#This Row],[Night Worked]] -> 0 | S34: =500*Table4[[#This Row],[Total Weekday]] -> 11000 | Y34: =SUM(Table4[[#This Row],[Wkd Earning]:[Arrears]]) -> 255718.75 | Z34: =0.05*Table4[[#This Row],[Total Earnings]] -> 12785.938 | AA34: =Table4[[#This Row],[Total Earnings]] -> 255718.75 | AB34: =Table4[[#This Row],[Gross Salary]]-Table4[[#This Row],[WHT]] -> 242932.81
A35: C2477 | B35: GAMBO | C35: MOHAMMED | D35: SCAFFOLDER | E35: IDI - IDI_ORO | F35: 13250 | G35: 46 | H35: M | I35: 22 | J35: 7 | K35: 0 | L35: 0 | M35: 0 | N35: =Table4[[#This Row],[Total Weekday]]*Table4[[#This Row],[Daily Rate]] -> 291500 | O35: =Table4[[#This Row],[Daily Rate]]/8*1.5*Table4[[#This Row],[Weekday OVT]] -> 17390.625 | P35: =Table4[[#This Row],[Daily Rate]]/8*(1.5*Table4[[#This Row],[Total Saturday]]) -> 0 | Q35: =Table4[[#This Row],[Daily Rate]]/8*(2*Table4[[#This Row],[Total Sunday]]) -> 0 | R35: =2500*Table4[[#This Row],[Night Worked]] -> 0 | S35: =500*Table4[[#This Row],[Total Weekday]] -> 11000 | Y35: =SUM(Table4[[#This Row],[Wkd Earning]:[Arrears]]) -> 319890.62 | Z35: =0.05*Table4[[#This Row],[Total Earnings]] -> 15994.531 | AA35: =Table4[[#This Row],[Total Earnings]] -> 319890.62 | AB35: =Table4[[#This Row],[Gross Salary]]-Table4[[#This Row],[WHT]] -> 303896.09
A36: C2492 | B36: TIMOTHY | C36: OGWUA | D36: ELECTRICIAN | E36: IDI - IDI_ORO | F36: 10250 | G36: 48 | H36: M | I36: 28 | J36: 40 | K36: 35 | L36: 10 | M36: 6 | N36: =Table4[[#This Row],[Total Weekday]]*Table4[[#This Row],[Daily Rate]] -> 287000 | O36: =Table4[[#This Row],[Daily Rate]]/8*1.5*Table4[[#This Row],[Weekday OVT]] -> 76875 | P36: =Table4[[#This Row],[Daily Rate]]/8*(1.5*Table4[[#This Row],[Total Saturday]]) -> 67265.625 | Q36: =Table4[[#This Row],[Daily Rate]]/8*(2*Table4[[#This Row],[Total Sunday]]) -> 25625 | R36: =2500*Table4[[#This Row],[Night Worked]] -> 15000 | S36: =500*Table4[[#This Row],[Total Weekday]] -> 14000 | Y36: =SUM(Table4[[#This Row],[Wkd Earning]:[Arrears]]) -> 485765.62 | Z36: =0.05*Table4[[#This Row],[Total Earnings]] -> 24288.281 | AA36: =Table4[[#This Row],[Total Earnings]] -> 485765.62 | AB36: =Table4[[#This Row],[Gross Salary]]-Table4[[#This Row],[WHT]] -> 461477.34
A37: C2507 | B37: CHINEMERE | C37: ONWUNTA | D37: 6G WELDER | E37: IDI - IDI_ORO | F37: 16700 | G37: 62 | H37: M | I37: 22 | J37: 3 | K37: 0 | L37: 0 | M37: 0 | N37: =Table4[[#This Row],[Total Weekday]]*Table4[[#This Row],[Daily Rate]] -> 367400 | O37: =Table4[[#This Row],[Daily Rate]]/8*1.5*Table4[[#This Row],[Weekday OVT]] -> 9393.75 | P37: =Table4[[#This Row],[Daily Rate]]/8*(1.5*Table4[[#This Row],[Total Saturday]]) -> 0 | Q37: =Table4[[#This Row],[Daily Rate]]/8*(2*Table4[[#This Row],[Total Sunday]]) -> 0 | R37: =2500*Table4[[#This Row],[Night Worked]] -> 0 | S37: =500*Table4[[#This Row],[Total Weekday]] -> 11000 | T37: 4000 | Y37: =SUM(Table4[[#This Row],[Wkd Earning]:[Arrears]]) -> 391793.75 | Z37: =0.05*Table4[[#This Row],[Total Earnings]] -> 19589.688 | AA37: =Table4[[#This Row],[Total Earnings]] -> 391793.75 | AB37: =Table4[[#This Row],[Gross Salary]]-Table4[[#This Row],[WHT]] -> 372204.06
A38: C2515 | B38: KAZEEM | C38: OYEWOLE | D38: RIGGER | E38: IDI - IDI_ORO | F38: 11575 | G38: 46 | H38: M | I38: 22 | J38: 15 | K38: 0 | L38: 0 | M38: 0 | N38: =Table4[[#This Row],[Total Weekday]]*Table4[[#This Row],[Daily Rate]] -> 254650 | O38: =Table4[[#This Row],[Daily Rate]]/8*1.5*Table4[[#This Row],[Weekday OVT]] -> 32554.688 | P38: =Table4[[#This Row],[Daily Rate]]/8*(1.5*Table4[[#This Row],[Total Saturday]]) -> 0 | Q38: =Table4[[#This Row],[Daily Rate]]/8*(2*Table4[[#This Row],[Total Sunday]]) -> 0 | R38: =2500*Table4[[#This Row],[Night Worked]] -> 0 | S38: =500*Table4[[#This Row],[Total Weekday]] -> 11000 | Y38: =SUM(Table4[[#This Row],[Wkd Earning]:[Arrears]]) -> 298204.69 | Z38: =0.05*Table4[[#This Row],[Total Earnings]] -> 14910.234 | AA38: =Table4[[#This Row],[Total Earnings]] -> 298204.69 | AB38: =Table4[[#This Row],[Gross Salary]]-Table4[[#This Row],[WHT]] -> 283294.45
A39: C2526 | B39: ABLE | C39: ROMANUS | D39: FITTER MATE | E39: IDI - IDI_ORO | F39: 10812 | G39: 26 | H39: M | I39: 24 | J39: 26 | K39: 15 | L39: 0 | M39: 0 | N39: =Table4[[#This Row],[Total Weekday]]*Table4[[#This Row],[Daily Rate]] -> 259488 | O39: =Table4[[#This Row],[Daily Rate]]/8*1.5*Table4[[#This Row],[Weekday OVT]] -> 52708.5 | P39: =Table4[[#This Row],[Daily Rate]]/8*(1.5*Table4[[#This Row],[Total Saturday]]) -> 30408.75 | Q39: =Table4[[#This Row],[Daily Rate]]/8*(2*Table4[[#This Row],[Total Sunday]]) -> 0 | R39: =2500*Table4[[#This Row],[Night Worked]] -> 0 | S39: =500*Table4[[#This Row],[Total Weekday]] -> 12000 | Y39: =SUM(Table4[[#This Row],[Wkd Earning]:[Arrears]]) -> 354605.25 | Z39: =0.05*Table4[[#This Row],[Total Earnings]] -> 17730.263 | AA39: =Table4[[#This Row],[Total Earnings]] -> 354605.25 | AB39: =Table4[[#This Row],[Gross Salary]]-Table4[[#This Row],[WHT]] -> 336874.99
A40: C2536 | B40: EMMANUEL | C40: SUNDAY | D40: FITTER MATE | E40: IDI - IDI_ORO | F40: 10812 | G40: 31 | H40: M | I40: 25 | J40: 27 | K40: 0 | L40: 0 | M40: 0 | N40: =Table4[[#This Row],[Total Weekday]]*Table4[[#This Row],[Daily Rate]] -> 270300 | O40: =Table4[[#This Row],[Daily Rate]]/8*1.5*Table4[[#This Row],[Weekday OVT]] -> 54735.75 | P40: =Table4[[#This Row],[Daily Rate]]/8*(1.5*Table4[[#This Row],[Total Saturday]]) -> 0 | Q40: =Table4[[#This Row],[Daily Rate]]/8*(2*Table4[[#This Row],[Total Sunday]]) -> 0 | R40: =2500*Table4[[#This Row],[Night Worked]] -> 0 | S40: =500*Table4[[#This Row],[Total Weekday]] -> 12500 | Y40: =SUM(Table4[[#This Row],[Wkd Earning]:[Arrears]]) -> 337535.75 | Z40: =0.05*Table4[[#This Row],[Total Earnings]] -> 16876.788 | AA40: =Table4[[#This Row],[Total Earnings]] -> 337535.75 | AB40: =Table4[[#This Row],[Gross Salary]]-Table4[[#This Row],[WHT]] -> 320658.96
A41: C2537 | B41: SIMIRE | C41: SUNDAY | D41: ELECTRICIAN | E41: IDI - IDI_ORO | F41: 10250 | G41: 55 | H41: M | I41: 29 | J41: 57 | K41: 33 | L41: 20 | M41: 12 | N41: =Table4[[#This Row],[Total Weekday]]*Table4[[#This Row],[Daily Rate]] -> 297250 | O41: =Table4[[#This Row],[Daily Rate]]/8*1.5*Table4[[#This Row],[Weekday OVT]] -> 109546.88 | P41: =Table4[[#This Row],[Daily Rate]]/8*(1.5*Table4[[#This Row],[Total Saturday]]) -> 63421.875 | Q41: =Table4[[#This Row],[Daily Rate]]/8*(2*Table4[[#This Row],[Total Sunday]]) -> 51250 | R41: =2500*Table4[[#This Row],[Night Worked]] -> 30000 | S41: =500*Table4[[#This Row],[Total Weekday]] -> 14500 | Y41: =SUM(Table4[[#This Row],[Wkd Earning]:[Arrears]]) -> 565968.75 | Z41: =0.05*Table4[[#This Row],[Total Earnings]] -> 28298.438 | AA41: =Table4[[#This Row],[Total Earnings]] -> 565968.75 | AB41: =Table4[[#This Row],[Gross Salary]]-Table4[[#This Row],[WHT]] -> 537670.31
A42: C2604 | B42: PATRICK | C42: ADAH | D42: FITTER MATE | E42: IDI - IDI_ORO | F42: 13050 | G42: 38 | H42: M | I42: 22 | J42: 16 | K42: 0 | L42: 0 | M42: 0 | N42: =Table4[[#This Row],[Total Weekday]]*Table4[[#This Row],[Daily Rate]] -> 287100 | O42: =Table4[[#This Row],[Daily Rate]]/8*1.5*Table4[[#This Row],[Weekday OVT]] -> 39150 | P42: =Table4[[#This Row],[Daily Rate]]/8*(1.5*Table4[[#This Row],[Total Saturday]]) -> 0 | Q42: =Table4[[#This Row],[Daily Rate]]/8*(2*Table4[[#This Row],[Total Sunday]]) -> 0 | R42: =2500*Table4[[#This Row],[Night Worked]] -> 0 | S42: =500*Table4[[#This Row],[Total Weekday]] -> 11000 | Y42: =SUM(Table4[[#This Row],[Wkd Earning]:[Arrears]]) -> 337250 | Z42: =0.05*Table4[[#This Row],[Total Earnings]] -> 16862.5 | AA42: =Table4[[#This Row],[Total Earnings]] -> 337250 | AB42: =Table4[[#This Row],[Gross Salary]]-Table4[[#This Row],[WHT]] -> 320387.5
A43: C2080 | B43: LATEEF | C43: OYELEYE | D43: RIGGER | E43: IDI - IDI_ORO | F43: 13150 | G43: 43 | H43: M | I43: 21 | J43: 4 | K43: 0 | L43: 0 | M43: 0 | N43: =Table4[[#This Row],[Total Weekday]]*Table4[[#This Row],[Daily Rate]] -> 276150 | O43: =Table4[[#This Row],[Daily Rate]]/8*1.5*Table4[[#This Row],[Weekday OVT]] -> 9862.5 | P43: =Table4[[#This Row],[Daily Rate]]/8*(1.5*Table4[[#This Row],[Total Saturday]]) -> 0 | Q43: =Table4[[#This Row],[Daily Rate]]/8*(2*Table4[[#This Row],[Total Sunday]]) -> 0 | R43: =2500*Table4[[#This Row],[Night Worked]] -> 0 | S43: =500*Table4[[#This Row],[Total Weekday]] -> 10500 | Y43: =SUM(Table4[[#This Row],[Wkd Earning]:[Arrears]]) -> 296512.5 | Z43: =0.05*Table4[[#This Row],[Total Earnings]] -> 14825.625 | AA43: =Table4[[#This Row],[Total Earnings]] -> 296512.5 | AB43: =Table4[[#This Row],[Gross Salary]]-Table4[[#This Row],[WHT]] -> 281686.88
A44: C2622 | B44: AUDU | C44: JOHN | D44: RIGGER | E44: IDI - IDI_ORO | F44: 11575 | G44: 39 | H44: M | I44: 22 | J44: 0 | K44: 0 | L44: 0 | M44: 0 | N44: =Table4[[#This Row],[Total Weekday]]*Table4[[#This Row],[Daily Rate]] -> 254650 | O44: =Table4[[#This Row],[Daily Rate]]/8*1.5*Table4[[#This Row],[Weekday OVT]] -> 0 | P44: =Table4[[#This Row],[Daily Rate]]/8*(1.5*Table4[[#This Row],[Total Saturday]]) -> 0 | Q44: =Table4[[#This Row],[Daily Rate]]/8*(2*Table4[[#This Row],[Total Sunday]]) -> 0 | R44: =2500*Table4[[#This Row],[Night Worked]] -> 0 | S44: =500*Table4[[#This Row],[Total Weekday]] -> 11000 | Y44: =SUM(Table4[[#This Row],[Wkd Earning]:[Arrears]]) -> 265650 | Z44: =0.05*Table4[[#This Row],[Total Earnings]] -> 13282.5 | AA44: =Table4[[#This Row],[Total Earnings]] -> 265650 | AB44: =Table4[[#This Row],[Gross Salary]]-Table4[[#This Row],[WHT]] -> 252367.5
A45: C2626 | B45: BONIFACE | C45: OKPE | D45: SCAFFOLDER | E45: IDI - IDI_ORO | F45: 13250 | G45: 56 | H45: M | I45: 22 | J45: 12 | K45: 0 | L45: 0 | M45: 0 | N45: =Table4[[#This Row],[Total Weekday]]*Table4[[#This Row],[Daily Rate]] -> 291500 | O45: =Table4[[#This Row],[Daily Rate]]/8*1.5*Table4[[#This Row],[Weekday OVT]] -> 29812.5 | P45: =Table4[[#This Row],[Daily Rate]]/8*(1.5*Table4[[#This Row],[Total Saturday]]) -> 0 | Q45: =Table4[[#This Row],[Daily Rate]]/8*(2*Table4[[#This Row],[Total Sunday]]) -> 0 | R45: =2500*Table4[[#This Row],[Night Worked]] -> 0 | S45: =500*Table4[[#This Row],[Total Weekday]] -> 11000 | Y45: =SUM(Table4[[#This Row],[Wkd Earning]:[Arrears]]) -> 332312.5 | Z45: =0.05*Table4[[#This Row],[Total Earnings]] -> 16615.625 | AA45: =Table4[[#This Row],[Total Earnings]] -> 332312.5 | AB45: =Table4[[#This Row],[Gross Salary]]-Table4[[#This Row],[WHT]] -> 315696.88
A46: C2724 | B46: MOSES | C46: AMANOKHAI | D46: FITTER MATE | E46: IDI - IDI_ORO | F46: 11575 | G46: 33 | H46: M | I46: 22 | J46: 25 | K46: 0 | L46: 0 | M46: 0 | N46: =Table4[[#This Row],[Total Weekday]]*Table4[[#This Row],[Daily Rate]] -> 254650 | O46: =Table4[[#This Row],[Daily Rate]]/8*1.5*Table4[[#This Row],[Weekday OVT]] -> 54257.812 | P46: =Table4[[#This Row],[Daily Rate]]/8*(1.5*Table4[[#This Row],[Total Saturday]]) -> 0 | Q46: =Table4[[#This Row],[Daily Rate]]/8*(2*Table4[[#This Row],[Total Sunday]]) -> 0 | R46: =2500*Table4[[#This Row],[Night Worked]] -> 0 | S46: =500*Table4[[#This Row],[Total Weekday]] -> 11000 | Y46: =SUM(Table4[[#This Row],[Wkd Earning]:[Arrears]]) -> 319907.81 | Z46: =0.05*Table4[[#This Row],[Total Earnings]] -> 15995.391 | AA46: =Table4[[#This Row],[Total Earnings]] -> 319907.81 | AB46: =Table4[[#This Row],[Gross Salary]]-Table4[[#This Row],[WHT]] -> 303912.42
A47: C2725 | B47: HENRY | C47: AMODU | D47: RIGGER AND CRANE OPERATOR | E47: IDI - IDI_ORO | F47: 11575 | G47: 51 | H47: M | I47: 23 | J47: 13 | K47: 8 | L47: 0 | M47: 0 | N47: =Table4[[#This Row],[Total Weekday]]*Table4[[#This Row],[Daily Rate]] -> 266225 | O47: =Table4[[#This Row],[Daily Rate]]/8*1.5*Table4[[#This Row],[Weekday OVT]] -> 28214.062 | P47: =Table4[[#This Row],[Daily Rate]]/8*(1.5*Table4[[#This Row],[Total Saturday]]) -> 17362.5 | Q47: =Table4[[#This Row],[Daily Rate]]/8*(2*Table4[[#This Row],[Total Sunday]]) -> 0 | R47: =2500*Table4[[#This Row],[Night Worked]] -> 0 | S47: =500*Table4[[#This Row],[Total Weekday]] -> 11500 | Y47: =SUM(Table4[[#This Row],[Wkd Earning]:[Arrears]]) -> 323301.56 | Z47: =0.05*Table4[[#This Row],[Total Earnings]] -> 16165.078 | AA47: =Table4[[#This Row],[Total Earnings]] -> 323301.56 | AB47: =Table4[[#This Row],[Gross Salary]]-Table4[[#This Row],[WHT]] -> 307136.48
A48: C1983 | B48: EMEKA | C48: EBEYE | D48: PAINTER | E48: IDI - IDI_ORO | F48: 12750 | G48: 43 | H48: M | I48: 22 | J48: 0 | K48: 0 | L48: 0 | M48: 0 | N48: =Table4[[#This Row],[Total Weekday]]*Table4[[#This Row],[Daily Rate]] -> 280500 | O48: =Table4[[#This Row],[Daily Rate]]/8*1.5*Table4[[#This Row],[Weekday OVT]] -> 0 | P48: =Table4[[#This Row],[Daily Rate]]/8*(1.5*Table4[[#This Row],[Total Saturday]]) -> 0 | Q48: =Table4[[#This Row],[Daily Rate]]/8*(2*Table4[[#This Row],[Total Sunday]]) -> 0 | R48: =2500*Table4[[#This Row],[Night Worked]] -> 0 | S48: =500*Table4[[#This Row],[Total Weekday]] -> 11000 | Y48: =SUM(Table4[[#This Row],[Wkd Earning]:[Arrears]]) -> 291500 | Z48: =0.05*Table4[[#This Row],[Total Earnings]] -> 14575 | AA48: =Table4[[#This Row],[Total Earnings]] -> 291500 | AB48: =Table4[[#This Row],[Gross Salary]]-Table4[[#This Row],[WHT]] -> 276925
A49: C2052 | B49: ACHEM | C49: OGWUCHE | D49: FITTER | E49: IDI - IDI_ORO | F49: 14050 | G49: 47 | H49: M | I49: 22 | J49: 10 | K49: 0 | L49: 0 | M49: 0 | N49: =Table4[[#This Row],[Total Weekday]]*Table4[[#This Row],[Daily Rate]] -> 309100 | O49: =Table4[[#This Row],[Daily Rate]]/8*1.5*Table4[[#This Row],[Weekday OVT]] -> 26343.75 | P49: =Table4[[#This Row],[Daily Rate]]/8*(1.5*Table4[[#This Row],[Total Saturday]]) -> 0 | Q49: =Table4[[#This Row],[Daily Rate]]/8*(2*Table4[[#This Row],[Total Sunday]]) -> 0 | R49: =2500*Table4[[#This Row],[Night Worked]] -> 0 | S49: =500*Table4[[#This Row],[Total Weekday]] -> 11000 | Y49: =SUM(Table4[[#This Row],[Wkd Earning]:[Arrears]]) -> 346443.75 | Z49: =0.05*Table4[[#This Row],[Total Earnings]] -> 17322.188 | AA49: =Table4[[#This Row],[Total Earnings]] -> 346443.75 | AB49: =Table4[[#This Row],[Gross Salary]]-Table4[[#This Row],[WHT]] -> 329121.56
... A51: C1938 | B51: ABRAHAM | C51: ONYEMERI | D51: WELDER | E51: IDI - IDI_ORO | F51: 20100 | G51: 47 | H51: M | I51: 22 | J51: 10 | K51: 0 | L51: 0 | M51: 0 | N51: =Table4[[#This Row],[Total Weekday]]*Table4[[#This Row],[Daily Rate]] -> 442200 | O51: =Table4[[#This Row],[Daily Rate]]/8*1.5*Table4[[#This Row],[Weekday OVT]] -> 37687.5 | P51: =Table4[[#This Row],[Daily Rate]]/8*(1.5*Table4[[#This Row],[Total Saturday]]) -> 0 | Q51: =Table4[[#This Row],[Daily Rate]]/8*(2*Table4[[#This Row],[Total Sunday]]) -> 0 | R51: =2500*Table4[[#This Row],[Night Worked]] -> 0 | S51: =500*Table4[[#This Row],[Total Weekday]] -> 11000 | Y51: =SUM(Table4[[#This Row],[Wkd Earning]:[Arrears]]) -> 490887.5 | Z51: =0.05*Table4[[#This Row],[Total Earnings]] -> 24544.375 | AA51: =Table4[[#This Row],[Total Earnings]] -> 490887.5 | AB51: =Table4[[#This Row],[Gross Salary]]-Table4[[#This Row],[WHT]] -> 466343.12
A52: C2023 | B52: DAVID | C52: IDIKA | D52: SCAFFOLDER | E52: IDI - IDI_ORO | F52: 13250 | G52: 56 | H52: M | I52: 22 | J52: 3 | K52: 0 | L52: 0 | M52: 0 | N52: =Table4[[#This Row],[Total Weekday]]*Table4[[#This Row],[Daily Rate]] -> 291500 | O52: =Table4[[#This Row],[Daily Rate]]/8*1.5*Table4[[#This Row],[Weekday OVT]] -> 7453.125 | P52: =Table4[[#This Row],[Daily Rate]]/8*(1.5*Table4[[#This Row],[Total Saturday]]) -> 0 | Q52: =Table4[[#This Row],[Daily Rate]]/8*(2*Table4[[#This Row],[Total Sunday]]) -> 0 | R52: =2500*Table4[[#This Row],[Night Worked]] -> 0 | S52: =500*Table4[[#This Row],[Total Weekday]] -> 11000 | T52: 46000 | Y52: =SUM(Table4[[#This Row],[Wkd Earning]:[Arrears]]) -> 355953.12 | Z52: =0.05*Table4[[#This Row],[Total Earnings]] -> 17797.656 | AA52: =Table4[[#This Row],[Total Earnings]] -> 355953.12 | AB52: =Table4[[#This Row],[Gross Salary]]-Table4[[#This Row],[WHT]] -> 338155.47
A53: C2116 | B53: FAMOUS | C53: OJADA | D53: SCAFFOLDER | E53: IDI - IDI_ORO | F53: 13250 | G53: 52 | H53: M | I53: 29 | J53: 0 | K53: 44 | L53: 33 | M53: 0 | N53: =Table4[[#This Row],[Total Weekday]]*Table4[[#This Row],[Daily Rate]] -> 384250 | O53: =Table4[[#This Row],[Daily Rate]]/8*1.5*Table4[[#This Row],[Weekday OVT]] -> 0 | P53: =Table4[[#This Row],[Daily Rate]]/8*(1.5*Table4[[#This Row],[Total Saturday]]) -> 109312.5 | Q53: =Table4[[#This Row],[Daily Rate]]/8*(2*Table4[[#This Row],[Total Sunday]]) -> 109312.5 | R53: =2500*Table4[[#This Row],[Night Worked]] -> 0 | S53: =500*Table4[[#This Row],[Total Weekday]] -> 14500 | Y53: =SUM(Table4[[#This Row],[Wkd Earning]:[Arrears]]) -> 617375 | Z53: =0.05*Table4[[#This Row],[Total Earnings]] -> 30868.75 | AA53: =Table4[[#This Row],[Total Earnings]] -> 617375 | AB53: =Table4[[#This Row],[Gross Salary]]-Table4[[#This Row],[WHT]] -> 586506.25
A54: C2597 | B54: OYABUGBE | C54: IRIKEFE | D54: WELDER | E54: IDI - IDI_ORO | F54: 20100 | G54: 48 | H54: M | I54: 22 | J54: 12 | K54: 0 | L54: 0 | M54: 0 | N54: =Table4[[#This Row],[Total Weekday]]*Table4[[#This Row],[Daily Rate]] -> 442200 | O54: =Table4[[#This Row],[Daily Rate]]/8*1.5*Table4[[#This Row],[Weekday OVT]] -> 45225 | P54: =Table4[[#This Row],[Daily Rate]]/8*(1.5*Table4[[#This Row],[Total Saturday]]) -> 0 | Q54: =Table4[[#This Row],[Daily Rate]]/8*(2*Table4[[#This Row],[Total Sunday]]) -> 0 | R54: =2500*Table4[[#This Row],[Night Worked]] -> 0 | S54: =500*Table4[[#This Row],[Total Weekday]] -> 11000 | Y54: =SUM(Table4[[#This Row],[Wkd Earning]:[Arrears]]) -> 498425 | Z54: =0.05*Table4[[#This Row],[Total Earnings]] -> 24921.25 | AA54: =Table4[[#This Row],[Total Earnings]] -> 498425 | AB54: =Table4[[#This Row],[Gross Salary]]-Table4[[#This Row],[WHT]] -> 473503.75
A55: C1789 | B55: MONDAY | C55: MBOCHI | D55: FITTER | E55: IDI-IDI ORO | F55: 14050 | G55: 47 | H55: M | I55: 31 | J55: 0 | K55: 55 | L55: 44 | M55: 0 | N55: =Table4[[#This Row],[Total Weekday]]*Table4[[#This Row],[Daily Rate]] -> 435550 | O55: =Table4[[#This Row],[Daily Rate]]/8*1.5*Table4[[#This Row],[Weekday OVT]] -> 0 | P55: =Table4[[#This Row],[Daily Rate]]/8*(1.5*Table4[[#This Row],[Total Saturday]]) -> 144890.62 | Q55: =Table4[[#This Row],[Daily Rate]]/8*(2*Table4[[#This Row],[Total Sunday]]) -> 154550 | R55: =2500*Table4[[#This Row],[Night Worked]] -> 0 | S55: =500*Table4[[#This Row],[Total Weekday]] -> 15500 | Y55: =SUM(Table4[[#This Row],[Wkd Earning]:[Arrears]]) -> 750490.62 | Z55: =0.05*Table4[[#This Row],[Total Earnings]] -> 37524.531 | AA55: =Table4[[#This Row],[Total Earnings]] -> 750490.62 | AB55: =Table4[[#This Row],[Gross Salary]]-Table4[[#This Row],[WHT]] -> 712966.09
A56: C1533 | B56: VINCENT | C56: OKEKE | D56: CRANE/RIGGER SUPERVISOR | E56: IDI - IDI_ORO | F56: 16000 | G56: 49 | H56: M | I56: 22 | J56: 0 | K56: 0 | L56: 0 | M56: 0 | N56: =Table4[[#This Row],[Total Weekday]]*Table4[[#This Row],[Daily Rate]] -> 352000 | O56: =Table4[[#This Row],[Daily Rate]]/8*1.5*Table4[[#This Row],[Weekday OVT]] -> 0 | P56: =Table4[[#This Row],[Daily Rate]]/8*(1.5*Table4[[#This Row],[Total Saturday]]) -> 0 | Q56: =Table4[[#This Row],[Daily Rate]]/8*(2*Table4[[#This Row],[Total Sunday]]) -> 0 | R56: =2500*Table4[[#This Row],[Night Worked]] -> 0 | S56: =500*Table4[[#This Row],[Total Weekday]] -> 11000 | Y56: =SUM(Table4[[#This Row],[Wkd Earning]:[Arrears]]) -> 363000 | Z56: =0.05*Table4[[#This Row],[Total Earnings]] -> 18150 | AA56: =Table4[[#This Row],[Total Earnings]] -> 363000 | AB56: =Table4[[#This Row],[Gross Salary]]-Table4[[#This Row],[WHT]] -> 344850
A57: C2445 | B57: GODWIN | C57: AKOR | D57: WELDER | E57: IDI - IDI_ORO | F57: 13550 | G57: 28 | H57: M | I57: 22 | J57: 15 | K57: 0 | L57: 0 | M57: 0 | N57: =Table4[[#This Row],[Total Weekday]]*Table4[[#This Row],[Daily Rate]] -> 298100 | O57: =Table4[[#This Row],[Daily Rate]]/8*1.5*Table4[[#This Row],[Weekday OVT]] -> 38109.375 | P57: =Table4[[#This Row],[Daily Rate]]/8*(1.5*Table4[[#This Row],[Total Saturday]]) -> 0 | Q57: =Table4[[#This Row],[Daily Rate]]/8*(2*Table4[[#This Row],[Total Sunday]]) -> 0 | R57: =2500*Table4[[#This Row],[Night Worked]] -> 0 | S57: =500*Table4[[#This Row],[Total Weekday]] -> 11000 | Y57: =SUM(Table4[[#This Row],[Wkd Earning]:[Arrears]]) -> 347209.38 | Z57: =0.05*Table4[[#This Row],[Total Earnings]] -> 17360.469 | AA57: =Table4[[#This Row],[Total Earnings]] -> 347209.38 | AB57: =Table4[[#This Row],[Gross Salary]]-Table4[[#This Row],[WHT]] -> 329848.91
A58: C2605 | B58: ONAJI | C58: FRIDAY | D58: WELDER | E58: IDI - IDI_ORO | F58: 13550 | G58: 38 | H58: M | I58: 25 | J58: 0 | K58: 18 | L58: 0 | M58: 0 | N58: =Table4[[#This Row],[Total Weekday]]*Table4[[#This Row],[Daily Rate]] -> 338750 | O58: =Table4[[#This Row],[Daily Rate]]/8*1.5*Table4[[#This Row],[Weekday OVT]] -> 0 | P58: =Table4[[#This Row],[Daily Rate]]/8*(1.5*Table4[[#This Row],[Total Saturday]]) -> 45731.25 | Q58: =Table4[[#This Row],[Daily Rate]]/8*(2*Table4[[#This Row],[Total Sunday]]) -> 0 | R58: =2500*Table4[[#This Row],[Night Worked]] -> 0 | S58: =500*Table4[[#This Row],[Total Weekday]] -> 12500 | T58: 32000 | Y58: =SUM(Table4[[#This Row],[Wkd Earning]:[Arrears]]) -> 428981.25 | Z58: =0.05*Table4[[#This Row],[Total Earnings]] -> 21449.062 | AA58: =Table4[[#This Row],[Total Earnings]] -> 428981.25 | AB58: =Table4[[#This Row],[Gross Salary]]-Table4[[#This Row],[WHT]] -> 407532.19
A59: C2449 | B59: ICHUKWU | C59: PETER | D59: WELDER | E59: IDI - IDI_ORO | F59: 13550 | G59: 31 | H59: M | I59: 28 | J59: 10 | K59: 18 | L59: 0 | M59: 16 | N59: =Table4[[#This Row],[Total Weekday]]*Table4[[#This Row],[Daily Rate]] -> 379400 | O59: =Table4[[#This Row],[Daily Rate]]/8*1.5*Table4[[#This Row],[Weekday OVT]] -> 25406.25 | P59: =Table4[[#This Row],[Daily Rate]]/8*(1.5*Table4[[#This Row],[Total Saturday]]) -> 45731.25 | Q59: =Table4[[#This Row],[Daily Rate]]/8*(2*Table4[[#This Row],[Total Sunday]]) -> 0 | R59: =2500*Table4[[#This Row],[Night Worked]] -> 40000 | S59: =500*Table4[[#This Row],[Total Weekday]] -> 14000 | T59: 32000 | Y59: =SUM(Table4[[#This Row],[Wkd Earning]:[Arrears]]) -> 536537.5 | Z59: =0.05*Table4[[#This Row],[Total Earnings]] -> 26826.875 | AA59: =Table4[[#This Row],[Total Earnings]] -> 536537.5 | AB59: =Table4[[#This Row],[Gross Salary]]-Table4[[#This Row],[WHT]] -> 509710.62
A60: C2482 | B60: OBILIKWU | C60: RAPHEAL | D60: WELDER | E60: IDI - IDI_ORO | F60: 13550 | G60: 27 | H60: M | I60: 22 | J60: 11 | K60: 0 | L60: 0 | M60: 0 | N60: =Table4[[#This Row],[Total Weekday]]*Table4[[#This Row],[Daily Rate]] -> 298100 | O60: =Table4[[#This Row],[Daily Rate]]/8*1.5*Table4[[#This Row],[Weekday OVT]] -> 27946.875 | P60: =Table4[[#This Row],[Daily Rate]]/8*(1.5*Table4[[#This Row],[Total Saturday]]) -> 0 | Q60: =Table4[[#This Row],[Daily Rate]]/8*(2*Table4[[#This Row],[Total Sunday]]) -> 0 | R60: =2500*Table4[[#This Row],[Night Worked]] -> 0 | S60: =500*Table4[[#This Row],[Total Weekday]] -> 11000 | Y60: =SUM(Table4[[#This Row],[Wkd Earning]:[Arrears]]) -> 337046.88 | Z60: =0.05*Table4[[#This Row],[Total Earnings]] -> 16852.344 | AA60: =Table4[[#This Row],[Total Earnings]] -> 337046.88 | AB60: =Table4[[#This Row],[Gross Salary]]-Table4[[#This Row],[WHT]] -> 320194.53
A61: C1144 | B61: CHRISTIAN | C61: OGUWA | D61: WELDER | E61: IDI - IDI_ORO | F61: 13550 | G61: 45 | H61: M | I61: 22 | J61: 2 | K61: 0 | L61: 0 | M61: 0 | N61: =Table4[[#This Row],[Total Weekday]]*Table4[[#This Row],[Daily Rate]] -> 298100 | O61: =Table4[[#This Row],[Daily Rate]]/8*1.5*Table4[[#This Row],[Weekday OVT]] -> 5081.25 | P61: =Table4[[#This Row],[Daily Rate]]/8*(1.5*Table4[[#This Row],[Total Saturday]]) -> 0 | Q61: =Table4[[#This Row],[Daily Rate]]/8*(2*Table4[[#This Row],[Total Sunday]]) -> 0 | R61: =2500*Table4[[#This Row],[Night Worked]] -> 0 | S61: =500*Table4[[#This Row],[Total Weekday]] -> 11000 | Y61: =SUM(Table4[[#This Row],[Wkd Earning]:[Arrears]]) -> 314181.25 | Z61: =0.05*Table4[[#This Row],[Total Earnings]] -> 15709.062 | AA61: =Table4[[#This Row],[Total Earnings]] -> 314181.25 | AB61: =Table4[[#This Row],[Gross Salary]]-Table4[[#This Row],[WHT]] -> 298472.19
A62: C2776 | B62: SUNDAY | C62: OLAREWAJU | D62: WELDER MATE | E62: IDI - IDI_ORO | F62: 11575 | G62: 29 | H62: M | I62: 20 | J62: 0 | K62: 0 | L62: 0 | M62: 0 | N62: =Table4[[#This Row],[Total Weekday]]*Table4[[#This Row],[Daily Rate]] -> 231500 | O62: =Table4[[#This Row],[Daily Rate]]/8*1.5*Table4[[#This Row],[Weekday OVT]] -> 0 | P62: =Table4[[#This Row],[Daily Rate]]/8*(1.5*Table4[[#This Row],[Total Saturday]]) -> 0 | Q62: =Table4[[#This Row],[Daily Rate]]/8*(2*Table4[[#This Row],[Total Sunday]]) -> 0 | R62: =2500*Table4[[#This Row],[Night Worked]] -> 0 | S62: =500*Table4[[#This Row],[Total Weekday]] -> 10000 | Y62: =SUM(Table4[[#This Row],[Wkd Earning]:[Arrears]]) -> 241500 | Z62: =0.05*Table4[[#This Row],[Total Earnings]] -> 12075 | AA62: =Table4[[#This Row],[Total Earnings]] -> 241500 | AB62: =Table4[[#This Row],[Gross Salary]]-Table4[[#This Row],[WHT]] -> 229425
A63: C2427 | B63: EBELE | C63: SIMON | D63: FITTER MATE | E63: IDI - IDI_ORO | F63: 8100 | G63: 38 | H63: M | I63: 25 | J63: 22 | K63: 0 | L63: 0 | M63: 0 | N63: =Table4[[#This Row],[Total Weekday]]*Table4[[#This Row],[Daily Rate]] -> 202500 | O63: =Table4[[#This Row],[Daily Rate]]/8*1.5*Table4[[#This Row],[Weekday OVT]] -> 33412.5 | P63: =Table4[[#This Row],[Daily Rate]]/8*(1.5*Table4[[#This Row],[Total Saturday]]) -> 0 | Q63: =Table4[[#This Row],[Daily Rate]]/8*(2*Table4[[#This Row],[Total Sunday]]) -> 0 | R63: =2500*Table4[[#This Row],[Night Worked]] -> 0 | S63: =500*Table4[[#This Row],[Total Weekday]] -> 12500 | Y63: =SUM(Table4[[#This Row],[Wkd Earning]:[Arrears]]) -> 248412.5 | Z63: =0.05*Table4[[#This Row],[Total Earnings]] -> 12420.625 | AA63: =Table4[[#This Row],[Total Earnings]] -> 248412.5 | AB63: =Table4[[#This Row],[Gross Salary]]-Table4[[#This Row],[WHT]] -> 235991.88
A64: C2438 | B64: EZENWA | C64: CHIBUZO | D64: FITTER MATE | E64: IDI - IDI_ORO | F64: 8100 | G64: 36 | H64: M | I64: 22 | J64: 7 | K64: 0 | L64: 0 | M64: 0 | N64: =Table4[[#This Row],[Total Weekday]]*Table4[[#This Row],[Daily Rate]] -> 178200 | O64: =Table4[[#This Row],[Daily Rate]]/8*1.5*Table4[[#This Row],[Weekday OVT]] -> 10631.25 | P64: =Table4[[#This Row],[Daily Rate]]/8*(1.5*Table4[[#This Row],[Total Saturday]]) -> 0 | Q64: =Table4[[#This Row],[Daily Rate]]/8*(2*Table4[[#This Row],[Total Sunday]]) -> 0 | R64: =2500*Table4[[#This Row],[Night Worked]] -> 0 | S64: =500*Table4[[#This Row],[Total Weekday]] -> 11000 | Y64: =SUM(Table4[[#This Row],[Wkd Earning]:[Arrears]]) -> 199831.25 | Z64: =0.05*Table4[[#This Row],[Total Earnings]] -> 9991.5625 | AA64: =Table4[[#This Row],[Total Earnings]] -> 199831.25 | AB64: =Table4[[#This Row],[Gross Salary]]-Table4[[#This Row],[WHT]] -> 189839.69
A65: C2728 | B65: UDOH | C65: CHRISTIAN | D65: FITTER MATE | E65: IDI - IDI_ORO | F65: 8100 | G65: 37 | H65: M | I65: 23 | J65: 4 | K65: 7 | L65: 0 | M65: 0 | N65: =Table4[[#This Row],[Total Weekday]]*Table4[[#This Row],[Daily Rate]] -> 186300 | O65: =Table4[[#This Row],[Daily Rate]]/8*1.5*Table4[[#This Row],[Weekday OVT]] -> 6075 | P65: =Table4[[#This Row],[Daily Rate]]/8*(1.5*Table4[[#This Row],[Total Saturday]]) -> 10631.25 | Q65: =Table4[[#This Row],[Daily Rate]]/8*(2*Table4[[#This Row],[Total Sunday]]) -> 0 | R65: =2500*Table4[[#This Row],[Night Worked]] -> 0 | S65: =500*Table4[[#This Row],[Total Weekday]] -> 11500 | Y65: =SUM(Table4[[#This Row],[Wkd Earning]:[Arrears]]) -> 214506.25 | Z65: =0.05*Table4[[#This Row],[Total Earnings]] -> 10725.312 | AA65: =Table4[[#This Row],[Total Earnings]] -> 214506.25 | AB65: =Table4[[#This Row],[Gross Salary]]-Table4[[#This Row],[WHT]] -> 203780.94
A66: C2463 | B66: JANET | C66: JAME | D66: WELDER | E66: IDI - IDI_ORO | F66: 13550 | G66: 38 | H66: F | I66: 25 | J66: 7 | K66: 18 | L66: 0 | M66: 0 | N66: =Table4[[#This Row],[Total Weekday]]*Table4[[#This Row],[Daily Rate]] -> 338750 | O66: =Table4[[#This Row],[Daily Rate]]/8*1.5*Table4[[#This Row],[Weekday OVT]] -> 17784.375 | P66: =Table4[[#This Row],[Daily Rate]]/8*(1.5*Table4[[#This Row],[Total Saturday]]) -> 45731.25 | Q66: =Table4[[#This Row],[Daily Rate]]/8*(2*Table4[[#This Row],[Total Sunday]]) -> 0 | R66: =2500*Table4[[#This Row],[Night Worked]] -> 0 | S66: =500*Table4[[#This Row],[Total Weekday]] -> 12500 | T66: 32000 | Y66: =SUM(Table4[[#This Row],[Wkd Earning]:[Arrears]]) -> 446765.62 | Z66: =0.05*Table4[[#This Row],[Total Earnings]] -> 22338.281 | AA66: =Table4[[#This Row],[Total Earnings]] -> 446765.62 | AB66: =Table4[[#This Row],[Gross Salary]]-Table4[[#This Row],[WHT]] -> 424427.34
A67: C2236 | B67: IWAUGWU | C67: KELVIN | D67: FITTER 1 | E67: IDI - IDI_ORO | F67: 14050 | G67: 67 | H67: M | I67: 22 | J67: 0 | K67: 0 | L67: 0 | M67: 0 | N67: =Table4[[#This Row],[Total Weekday]]*Table4[[#This Row],[Daily Rate]] -> 309100 | O67: =Table4[[#This Row],[Daily Rate]]/8*1.5*Table4[[#This Row],[Weekday OVT]] -> 0 | P67: =Table4[[#This Row],[Daily Rate]]/8*(1.5*Table4[[#This Row],[Total Saturday]]) -> 0 | Q67: =Table4[[#This Row],[Daily Rate]]/8*(2*Table4[[#This Row],[Total Sunday]]) -> 0 | R67: =2500*Table4[[#This Row],[Night Worked]] -> 0 | S67: =500*Table4[[#This Row],[Total Weekday]] -> 11000 | Y67: =SUM(Table4[[#This Row],[Wkd Earning]:[Arrears]]) -> 320100 | Z67: =0.05*Table4[[#This Row],[Total Earnings]] -> 16005 | AA67: =Table4[[#This Row],[Total Earnings]] -> 320100 | AB67: =Table4[[#This Row],[Gross Salary]]-Table4[[#This Row],[WHT]] -> 304095
A68: C1979 | B68: WAHAB | C68: YUSUF | D68: MECHANIC | E68: IDI - IDI_ORO | F68: 10250 | G68: 47 | H68: M | I68: 30 | J68: 47 | K68: 46 | L68: 18 | M68: 0 | N68: =Table4[[#This Row],[Total Weekday]]*Table4[[#This Row],[Daily Rate]] -> 307500 | O68: =Table4[[#This Row],[Daily Rate]]/8*1.5*Table4[[#This Row],[Weekday OVT]] -> 90328.125 | P68: =Table4[[#This Row],[Daily Rate]]/8*(1.5*Table4[[#This Row],[Total Saturday]]) -> 88406.25 | Q68: =Table4[[#This Row],[Daily Rate]]/8*(2*Table4[[#This Row],[Total Sunday]]) -> 46125 | R68: =2500*Table4[[#This Row],[Night Worked]] -> 0 | S68: =500*Table4[[#This Row],[Total Weekday]] -> 15000 | Y68: =SUM(Table4[[#This Row],[Wkd Earning]:[Arrears]]) -> 547359.38 | Z68: =0.05*Table4[[#This Row],[Total Earnings]] -> 27367.969 | AA68: =Table4[[#This Row],[Total Earnings]] -> 547359.38 | AB68: =Table4[[#This Row],[Gross Salary]]-Table4[[#This Row],[WHT]] -> 519991.41
A69: C2623 | B69: MONDAY | C69: NWACHUKWU | D69: 6G WELDER | E69: IDI - IDI_ORO | F69: 16700 | G69: 54 | H69: M | I69: 22 | J69: 7 | K69: 0 | L69: 0 | M69: 0 | N69: =Table4[[#This Row],[Total Weekday]]*Table4[[#This Row],[Daily Rate]] -> 367400 | O69: =Table4[[#This Row],[Daily Rate]]/8*1.5*Table4[[#This Row],[Weekday OVT]] -> 21918.75 | P69: =Table4[[#This Row],[Daily Rate]]/8*(1.5*Table4[[#This Row],[Total Saturday]]) -> 0 | Q69: =Table4[[#This Row],[Daily Rate]]/8*(2*Table4[[#This Row],[Total Sunday]]) -> 0 | R69: =2500*Table4[[#This Row],[Night Worked]] -> 0 | S69: =500*Table4[[#This Row],[Total Weekday]] -> 11000 | Y69: =SUM(Table4[[#This Row],[Wkd Earning]:[Arrears]]) -> 400318.75 | Z69: =0.05*Table4[[#This Row],[Total Earnings]] -> 20015.938 | AA69: =Table4[[#This Row],[Total Earnings]] -> 400318.75 | AB69: =Table4[[#This Row],[Gross Salary]]-Table4[[#This Row],[WHT]] -> 380302.81
A70: C2615 | B70: CECILIA | C70: HART | D70: FITTER | E70: IDI - IDI_ORO | F70: 14050 | G70: 54 | H70: F | I70: 22 | J70: 7 | K70: 0 | L70: 0 | M70: 0 | N70: =Table4[[#This Row],[Total Weekday]]*Table4[[#This Row],[Daily Rate]] -> 309100 | O70: =Table4[[#This Row],[Daily Rate]]/8*1.5*Table4[[#This Row],[Weekday OVT]] -> 18440.625 | P70: =Table4[[#This Row],[Daily Rate]]/8*(1.5*Table4[[#This Row],[Total Saturday]]) -> 0 | Q70: =Table4[[#This Row],[Daily Rate]]/8*(2*Table4[[#This Row],[Total Sunday]]) -> 0 | R70: =2500*Table4[[#This Row],[Night Worked]] -> 0 | S70: =500*Table4[[#This Row],[Total Weekday]] -> 11000 | Y70: =SUM(Table4[[#This Row],[Wkd Earning]:[Arrears]]) -> 338540.62 | Z70: =0.05*Table4[[#This Row],[Total Earnings]] -> 16927.031 | AA70: =Table4[[#This Row],[Total Earnings]] -> 338540.62 | AB70: =Table4[[#This Row],[Gross Salary]]-Table4[[#This Row],[WHT]] -> 321613.59
A71: C2410 | B71: AFENIFORO | C71: AYODELE | D71: BANDSAW | E71: IDI - IDI_ORO | F71: 13550 | G71: 55 | H71: M | I71: 22 | J71: 0 | K71: 0 | L71: 0 | M71: 0 | N71: =Table4[[#This Row],[Total Weekday]]*Table4[[#This Row],[Daily Rate]] -> 298100 | O71: =Table4[[#This Row],[Daily Rate]]/8*1.5*Table4[[#This Row],[Weekday OVT]] -> 0 | P71: =Table4[[#This Row],[Daily Rate]]/8*(1.5*Table4[[#This Row],[Total Saturday]]) -> 0 | Q71: =Table4[[#This Row],[Daily Rate]]/8*(2*Table4[[#This Row],[Total Sunday]]) -> 0 | R71: =2500*Table4[[#This Row],[Night Worked]] -> 0 | S71: =500*Table4[[#This Row],[Total Weekday]] -> 11000 | Y71: =SUM(Table4[[#This Row],[Wkd Earning]:[Arrears]]) -> 309100 | Z71: =0.05*Table4[[#This Row],[Total Earnings]] -> 15455 | AA71: =Table4[[#This Row],[Total Earnings]] -> 309100 | AB71: =Table4[[#This Row],[Gross Salary]]-Table4[[#This Row],[WHT]] -> 293645
A72: C2129 | B72: OSINEKE | C72: ANDREW | D72: CRANE OPERATOR | E72: IDI - IDI_ORO | F72: 10250 | G72: 55 | H72: M | I72: 24 | J72: 30 | K72: 15 | L72: 0 | M72: 0 | N72: =Table4[[#This Row],[Total Weekday]]*Table4[[#This Row],[Daily Rate]] -> 246000 | O72: =Table4[[#This Row],[Daily Rate]]/8*1.5*Table4[[#This Row],[Weekday OVT]] -> 57656.25 | P72: =Table4[[#This Row],[Daily Rate]]/8*(1.5*Table4[[#This Row],[Total Saturday]]) -> 28828.125 | Q72: =Table4[[#This Row],[Daily Rate]]/8*(2*Table4[[#This Row],[Total Sunday]]) -> 0 | R72: =2500*Table4[[#This Row],[Night Worked]] -> 0 | S72: =500*Table4[[#This Row],[Total Weekday]] -> 12000 | Y72: =SUM(Table4[[#This Row],[Wkd Earning]:[Arrears]]) -> 344484.38 | Z72: =0.05*Table4[[#This Row],[Total Earnings]] -> 17224.219 | AA72: =Table4[[#This Row],[Total Earnings]] -> 344484.38 | AB72: =Table4[[#This Row],[Gross Salary]]-Table4[[#This Row],[WHT]] -> 327260.16
A73: C2326 | B73: AIYEDE | C73: SUNDAY | D73: FITTER | E73: IDI - IDI_ORO | F73: 14050 | G73: 55 | H73: M | I73: 21 | J73: 7 | K73: 0 | L73: 0 | M73: 0 | N73: =Table4[[#This Row],[Total Weekday]]*Table4[[#This Row],[Daily Rate]] -> 295050 | O73: =Table4[[#This Row],[Daily Rate]]/8*1.5*Table4[[#This Row],[Weekday OVT]] -> 18440.625 | P73: =Table4[[#This Row],[Daily Rate]]/8*(1.5*Table4[[#This Row],[Total Saturday]]) -> 0 | Q73: =Table4[[#This Row],[Daily Rate]]/8*(2*Table4[[#This Row],[Total Sunday]]) -> 0 | R73: =2500*Table4[[#This Row],[Night Worked]] -> 0 | S73: =500*Table4[[#This Row],[Total Weekday]] -> 10500 | Y73: =SUM(Table4[[#This Row],[Wkd Earning]:[Arrears]]) -> 323990.62 | Z73: =0.05*Table4[[#This Row],[Total Earnings]] -> 16199.531 | AA73: =Table4[[#This Row],[Total Earnings]] -> 323990.62 | AB73: =Table4[[#This Row],[Gross Salary]]-Table4[[#This Row],[WHT]] -> 307791.09
A74: C2002 | B74: CHIBUEZE | C74: NWOSU | D74: 6G WELDER | E74: IDI - IDI_ORO | F74: 16700 | G74: 55 | H74: M | I74: 22 | J74: 14 | K74: 0 | L74: 0 | M74: 0 | N74: =Table4[[#This Row],[Total Weekday]]*Table4[[#This Row],[Daily Rate]] -> 367400 | O74: =Table4[[#This Row],[Daily Rate]]/8*1.5*Table4[[#This Row],[Weekday OVT]] -> 43837.5 | P74: =Table4[[#This Row],[Daily Rate]]/8*(1.5*Table4[[#This Row],[Total Saturday]]) -> 0 | Q74: =Table4[[#This Row],[Daily Rate]]/8*(2*Table4[[#This Row],[Total Sunday]]) -> 0 | R74: =2500*Table4[[#This Row],[Night Worked]] -> 0 | S74: =500*Table4[[#This Row],[Total Weekday]] -> 11000 | Y74: =SUM(Table4[[#This Row],[Wkd Earning]:[Arrears]]) -> 422237.5 | Z74: =0.05*Table4[[#This Row],[Total Earnings]] -> 21111.875 | AA74: =Table4[[#This Row],[Total Earnings]] -> 422237.5 | AB74: =Table4[[#This Row],[Gross Salary]]-Table4[[#This Row],[WHT]] -> 401125.62
A75: C2805 | B75: UZOMA | C75: VERONICA | D75: 6G GTAW | E75: IDI - IDI_ORO | F75: 21000 | G75: 45 | H75: F | I75: 24 | J75: 10 | K75: 0 | L75: 0 | M75: 0 | N75: =Table4[[#This Row],[Total Weekday]]*Table4[[#This Row],[Daily Rate]] -> 504000 | O75: =Table4[[#This Row],[Daily Rate]]/8*1.5*Table4[[#This Row],[Weekday OVT]] -> 39375 | P75: =Table4[[#This Row],[Daily Rate]]/8*(1.5*Table4[[#This Row],[Total Saturday]]) -> 0 | Q75: =Table4[[#This Row],[Daily Rate]]/8*(2*Table4[[#This Row],[Total Sunday]]) -> 0 | R75: =2500*Table4[[#This Row],[Night Worked]] -> 0 | S75: =500*Table4[[#This Row],[Total Weekday]] -> 12000 | Y75: =SUM(Table4[[#This Row],[Wkd Earning]:[Arrears]]) -> 555375 | Z75: =0.05*Table4[[#This Row],[Total Earnings]] -> 27768.75 | AA75: =Table4[[#This Row],[Total Earnings]] -> 555375 | AB75: =Table4[[#This Row],[Gross Salary]]-Table4[[#This Row],[WHT]] -> 527606.25
A76: C2806 | B76: MOHAMMED | C76: ALIYU | D76: SCALFOLDER | E76: IDI - IDI_ORO | F76: 13250 | G76: 34 | H76: M | I76: 22 | J76: 7 | K76: 0 | L76: 0 | M76: 0 | N76: =Table4[[#This Row],[Total Weekday]]*Table4[[#This Row],[Daily Rate]] -> 291500 | O76: =Table4[[#This Row],[Daily Rate]]/8*1.5*Table4[[#This Row],[Weekday OVT]] -> 17390.625 | P76: =Table4[[#This Row],[Daily Rate]]/8*(1.5*Table4[[#This Row],[Total Saturday]]) -> 0 | Q76: =Table4[[#This Row],[Daily Rate]]/8*(2*Table4[[#This Row],[Total Sunday]]) -> 0 | R76: =2500*Table4[[#This Row],[Night Worked]] -> 0 | S76: =500*Table4[[#This Row],[Total Weekday]] -> 11000 | Y76: =SUM(Table4[[#This Row],[Wkd Earning]:[Arrears]]) -> 319890.62 | Z76: =0.05*Table4[[#This Row],[Total Earnings]] -> 15994.531 | AA76: =Table4[[#This Row],[Total Earnings]] -> 319890.62 | AB76: =Table4[[#This Row],[Gross Salary]]-Table4[[#This Row],[WHT]] -> 303896.09
A77: C2808 | B77: CHIJOKE | C77: UZOMA | D77: HYDROTESTER | E77: IDI - IDI_ORO | F77: 16000 | G77: 37 | H77: M | I77: 22 | J77: 17 | K77: 13 | L77: 0 | M77: 0 | N77: =Table4[[#This Row],[Total Weekday]]*Table4[[#This Row],[Daily Rate]] -> 352000 | O77: =Table4[[#This Row],[Daily Rate]]/8*1.5*Table4[[#This Row],[Weekday OVT]] -> 51000 | P77: =Table4[[#This Row],[Daily Rate]]/8*(1.5*Table4[[#This Row],[Total Saturday]]) -> 39000 | Q77: =Table4[[#This Row],[Daily Rate]]/8*(2*Table4[[#This Row],[Total Sunday]]) -> 0 | R77: =2500*Table4[[#This Row],[Night Worked]] -> 0 | S77: =500*Table4[[#This Row],[Total Weekday]] -> 11000 | Y77: =SUM(Table4[[#This Row],[Wkd Earning]:[Arrears]]) -> 453000 | Z77: =0.05*Table4[[#This Row],[Total Earnings]] -> 22650 | AA77: =Table4[[#This Row],[Total Earnings]] -> 453000 | AB77: =Table4[[#This Row],[Gross Salary]]-Table4[[#This Row],[WHT]] -> 430350
A78: C1612 | B78: RICHARD | C78: MBAMARA | D78: HYDROTESTER | E78: IDI - IDI_ORO | F78: 16000 | G78: 56 | H78: M | I78: 23 | J78: 23 | K78: 16 | L78: 0 | M78: 0 | N78: =Table4[[#This Row],[Total Weekday]]*Table4[[#This Row],[Daily Rate]] -> 368000 | O78: =Table4[[#This Row],[Daily Rate]]/8*1.5*Table4[[#This Row],[Weekday OVT]] -> 69000 | P78: =Table4[[#This Row],[Daily Rate]]/8*(1.5*Table4[[#This Row],[Total Saturday]]) -> 48000 | Q78: =Table4[[#This Row],[Daily Rate]]/8*(2*Table4[[#This Row],[Total Sunday]]) -> 0 | R78: =2500*Table4[[#This Row],[Night Worked]] -> 0 | S78: =500*Table4[[#This Row],[Total Weekday]] -> 11500 | Y78: =SUM(Table4[[#This Row],[Wkd Earning]:[Arrears]]) -> 496500 | Z78: =0.05*Table4[[#This Row],[Total Earnings]] -> 24825 | AA78: =Table4[[#This Row],[Total Earnings]] -> 496500 | AB78: =Table4[[#This Row],[Gross Salary]]-Table4[[#This Row],[WHT]] -> 471675
... A81: C2820 | B81: BILIKISU | C81: SAMAILA | D81: HELPER | E81: IDI-IDI_ORO | F81: 8100 | G81: 29 | H81: F | I81: 22 | J81: 0 | K81: 0 | L81: 0 | M81: 0 | N81: =Table4[[#This Row],[Total Weekday]]*Table4[[#This Row],[Daily Rate]] -> 178200 | O81: =Table4[[#This Row],[Daily Rate]]/8*1.5*Table4[[#This Row],[Weekday OVT]] -> 0 | P81: =Table4[[#This Row],[Daily Rate]]/8*(1.5*Table4[[#This Row],[Total Saturday]]) -> 0 | Q81: =Table4[[#This Row],[Daily Rate]]/8*(2*Table4[[#This Row],[Total Sunday]]) -> 0 | R81: =2500*Table4[[#This Row],[Night Worked]] -> 0 | S81: =500*Table4[[#This Row],[Total Weekday]] -> 11000 | Y81: =SUM(Table4[[#This Row],[Wkd Earning]:[Arrears]]) -> 189200 | Z81: =0.05*Table4[[#This Row],[Total Earnings]] -> 9460 | AA81: =Table4[[#This Row],[Total Earnings]] -> 189200 | AB81: =Table4[[#This Row],[Gross Salary]]-Table4[[#This Row],[WHT]] -> 179740
A82: C1924 | B82: AFEES | C82: ANIMASHAUN | D82: WAREHOUSE OFFICER | E82: PHC-TCM | F82: 8600 | H82: M | I82: 22 | K82: 40 | L82: 0 | M82: 0 | N82: =Table4[[#This Row],[Total Weekday]]*Table4[[#This Row],[Daily Rate]] -> 189200 | O82: =Table4[[#This Row],[Daily Rate]]/8*1.5*Table4[[#This Row],[Weekday OVT]] -> 0 | P82: =Table4[[#This Row],[Daily Rate]]/8*(1.5*Table4[[#This Row],[Total Saturday]]) -> 64500 | Q82: =Table4[[#This Row],[Daily Rate]]/8*(2*Table4[[#This Row],[Total Sunday]]) -> 0 | R82: =2500*Table4[[#This Row],[Night Worked]] -> 0 | S82: 0 | U82: 150000 | V82: 150000 | W82: 150000 | Y82: =SUM(Table4[[#This Row],[Wkd Earning]:[Arrears]]) -> 703700 | Z82: =0.05*Table4[[#This Row],[Total Earnings]] -> 35185 | AA82: =Table4[[#This Row],[Total Earnings]] -> 703700 | AB82: =Table4[[#This Row],[Gross Salary]]-Table4[[#This Row],[WHT]] -> 668515
A83: C2096 | B83: SUNDAY | C83: OWOLABI | D83: BLASTER | E83: IDI-IDI_ORO | F83: 12750 | I83: 5 | J83: 0 | K83: 0 | L83: 0 | M83: 0 | N83: =Table4[[#This Row],[Total Weekday]]*Table4[[#This Row],[Daily Rate]] -> 63750 | O83: =Table4[[#This Row],[Daily Rate]]/8*1.5*Table4[[#This Row],[Weekday OVT]] -> 0 | P83: =Table4[[#This Row],[Daily Rate]]/8*(1.5*Table4[[#This Row],[Total Saturday]]) -> 0 | Q83: =Table4[[#This Row],[Daily Rate]]/8*(2*Table4[[#This Row],[Total Sunday]]) -> 0 | R83: =2500*Table4[[#This Row],[Night Worked]] -> 0 | S83: =500*Table4[[#This Row],[Total Weekday]] -> 2500 | Y83: =SUM(Table4[[#This Row],[Wkd Earning]:[Arrears]]) -> 66250 | Z83: =0.05*Table4[[#This Row],[Total Earnings]] -> 3312.5 | AA83: =Table4[[#This Row],[Total Earnings]] -> 66250 | AB83: =Table4[[#This Row],[Gross Salary]]-Table4[[#This Row],[WHT]] -> 62937.5
A84: C2827 | B84: CHARLES | C84: AKAKA | D84: BLASTER | E84: IDI-IDI_ORO | F84: 12750 | I84: 5 | J84: 0 | K84: 0 | L84: 0 | M84: 0 | N84: =Table4[[#This Row],[Total Weekday]]*Table4[[#This Row],[Daily Rate]] -> 63750 | O84: =Table4[[#This Row],[Daily Rate]]/8*1.5*Table4[[#This Row],[Weekday OVT]] -> 0 | P84: =Table4[[#This Row],[Daily Rate]]/8*(1.5*Table4[[#This Row],[Total Saturday]]) -> 0 | Q84: =Table4[[#This Row],[Daily Rate]]/8*(2*Table4[[#This Row],[Total Sunday]]) -> 0 | R84: =2500*Table4[[#This Row],[Night Worked]] -> 0 | S84: =500*Table4[[#This Row],[Total Weekday]] -> 2500 | Y84: =SUM(Table4[[#This Row],[Wkd Earning]:[Arrears]]) -> 66250 | Z84: =0.05*Table4[[#This Row],[Total Earnings]] -> 3312.5 | AA84: =Table4[[#This Row],[Total Earnings]] -> 66250 | AB84: =Table4[[#This Row],[Gross Salary]]-Table4[[#This Row],[WHT]] -> 62937.5
A85: C2826 | B85: TUNDE | C85: OYEWOLE | D85: BLASTER | E85: IDI-IDI_ORO | F85: 12750 | I85: 5 | J85: 0 | K85: 0 | L85: 0 | M85: 0 | N85: =Table4[[#This Row],[Total Weekday]]*Table4[[#This Row],[Daily Rate]] -> 63750 | O85: =Table4[[#This Row],[Daily Rate]]/8*1.5*Table4[[#This Row],[Weekday OVT]] -> 0 | P85: =Table4[[#This Row],[Daily Rate]]/8*(1.5*Table4[[#This Row],[Total Saturday]]) -> 0 | Q85: =Table4[[#This Row],[Daily Rate]]/8*(2*Table4[[#This Row],[Total Sunday]]) -> 0 | R85: =2500*Table4[[#This Row],[Night Worked]] -> 0 | S85: =500*Table4[[#This Row],[Total Weekday]] -> 2500 | Y85: =SUM(Table4[[#This Row],[Wkd Earning]:[Arrears]]) -> 66250 | Z85: =0.05*Table4[[#This Row],[Total Earnings]] -> 3312.5 | AA85: =Table4[[#This Row],[Total Earnings]] -> 66250 | AB85: =Table4[[#This Row],[Gross Salary]]-Table4[[#This Row],[WHT]] -> 62937.5
A86: C1001 | B86: JIMOH | C86: GBADAMOSI | D86: BLASTER& PAINTER SUPERVISOR | E86: AGEGE | F86: 19500 | G86: 58 | H86: M | I86: 22 | J86: 13 | K86: 50 | L86: 12 | M86: 0 | N86: =Table4[[#This Row],[Total Weekday]]*Table4[[#This Row],[Daily Rate]] -> 429000 | O86: =Table4[[#This Row],[Daily Rate]]/8*1.5*Table4[[#This Row],[Weekday OVT]] -> 47531.25 | P86: =Table4[[#This Row],[Daily Rate]]/8*(1.5*Table4[[#This Row],[Total Saturday]]) -> 182812.5 | Q86: =Table4[[#This Row],[Daily Rate]]/8*(2*Table4[[#This Row],[Total Sunday]]) -> 58500 | R86: =2500*Table4[[#This Row],[Night Worked]] -> 0 | S86: =500*Table4[[#This Row],[Total Weekday]] -> 11000 | Y86: =SUM(Table4[[#This Row],[Wkd Earning]:[Arrears]]) -> 728843.75 | Z86: =0.05*Table4[[#This Row],[Total Earnings]] -> 36442.188 | AA86: =Table4[[#This Row],[Total Earnings]] -> 728843.75 | AB86: =Table4[[#This Row],[Gross Salary]]-Table4[[#This Row],[WHT]] -> 692401.56
A87: C1078 | B87: MATHIAS | C87: LUKPATA | D87: FORKLIFT OPERATOR | E87: AGEGE | F87: 12750 | G87: 46 | H87: M | I87: 22 | J87: 0 | K87: 24 | L87: 6 | M87: 0 | N87: =Table4[[#This Row],[Total Weekday]]*Table4[[#This Row],[Daily Rate]] -> 280500 | O87: =Table4[[#This Row],[Daily Rate]]/8*1.5*Table4[[#This Row],[Weekday OVT]] -> 0 | P87: =Table4[[#This Row],[Daily Rate]]/8*(1.5*Table4[[#This Row],[Total Saturday]]) -> 57375 | Q87: =Table4[[#This Row],[Daily Rate]]/8*(2*Table4[[#This Row],[Total Sunday]]) -> 19125 | R87: =2500*Table4[[#This Row],[Night Worked]] -> 0 | S87: =500*Table4[[#This Row],[Total Weekday]] -> 11000 | Y87: =SUM(Table4[[#This Row],[Wkd Earning]:[Arrears]]) -> 368000 | Z87: =0.05*Table4[[#This Row],[Total Earnings]] -> 18400 | AA87: =Table4[[#This Row],[Total Earnings]] -> 368000 | AB87: =Table4[[#This Row],[Gross Salary]]-Table4[[#This Row],[WHT]] -> 349600
A88: C1720 | B88: ADANOU | C88: RAYMOND | D88: FITTER 1 | E88: AGEGE | F88: 14050 | G88: 55 | H88: M | I88: 22 | J88: 5 | K88: 24 | L88: 0 | M88: 0 | N88: =Table4[[#This Row],[Total Weekday]]*Table4[[#This Row],[Daily Rate]] -> 309100 | O88: =Table4[[#This Row],[Daily Rate]]/8*1.5*Table4[[#This Row],[Weekday OVT]] -> 13171.875 | P88: =Table4[[#This Row],[Daily Rate]]/8*(1.5*Table4[[#This Row],[Total Saturday]]) -> 63225 | Q88: =Table4[[#This Row],[Daily Rate]]/8*(2*Table4[[#This Row],[Total Sunday]]) -> 0 | R88: =2500*Table4[[#This Row],[Night Worked]] -> 0 | S88: =500*Table4[[#This Row],[Total Weekday]] -> 11000 | Y88: =SUM(Table4[[#This Row],[Wkd Earning]:[Arrears]]) -> 396496.88 | Z88: =0.05*Table4[[#This Row],[Total Earnings]] -> 19824.844 | AA88: =Table4[[#This Row],[Total Earnings]] -> 396496.88 | AB88: =Table4[[#This Row],[Gross Salary]]-Table4[[#This Row],[WHT]] -> 376672.03
A89: C1775 | B89: MOMODU | C89: BASHRU | D89: GRINDER | E89: AGEGE | F89: 10250 | G89: 45 | H89: M | I89: 22 | J89: 0 | K89: 24 | L89: 0 | M89: 0 | N89: =Table4[[#This Row],[Total Weekday]]*Table4[[#This Row],[Daily Rate]] -> 225500 | O89: =Table4[[#This Row],[Daily Rate]]/8*1.5*Table4[[#This Row],[Weekday OVT]] -> 0 | P89: =Table4[[#This Row],[Daily Rate]]/8*(1.5*Table4[[#This Row],[Total Saturday]]) -> 46125 | Q89: =Table4[[#This Row],[Daily Rate]]/8*(2*Table4[[#This Row],[Total Sunday]]) -> 0 | R89: =2500*Table4[[#This Row],[Night Worked]] -> 0 | S89: =500*Table4[[#This Row],[Total Weekday]] -> 11000 | Y89: =SUM(Table4[[#This Row],[Wkd Earning]:[Arrears]]) -> 282625 | Z89: =0.05*Table4[[#This Row],[Total Earnings]] -> 14131.25 | AA89: =Table4[[#This Row],[Total Earnings]] -> 282625 | AB89: =Table4[[#This Row],[Gross Salary]]-Table4[[#This Row],[WHT]] -> 268493.75
A90: C1783 | B90: OLUGBENGA | C90: DARAMOLA | D90: FITTER | E90: AGEGE | F90: 14050 | G90: 47 | H90: M | I90: 22 | J90: 6 | K90: 24 | L90: 0 | M90: 0 | N90: =Table4[[#This Row],[Total Weekday]]*Table4[[#This Row],[Daily Rate]] -> 309100 | O90: =Table4[[#This Row],[Daily Rate]]/8*1.5*Table4[[#This Row],[Weekday OVT]] -> 15806.25 | P90: =Table4[[#This Row],[Daily Rate]]/8*(1.5*Table4[[#This Row],[Total Saturday]]) -> 63225 | Q90: =Table4[[#This Row],[Daily Rate]]/8*(2*Table4[[#This Row],[Total Sunday]]) -> 0 | R90: =2500*Table4[[#This Row],[Night Worked]] -> 0 | S90: =500*Table4[[#This Row],[Total Weekday]] -> 11000 | Y90: =SUM(Table4[[#This Row],[Wkd Earning]:[Arrears]]) -> 399131.25 | Z90: =0.05*Table4[[#This Row],[Total Earnings]] -> 19956.562 | AA90: =Table4[[#This Row],[Total Earnings]] -> 399131.25 | AB90: =Table4[[#This Row],[Gross Salary]]-Table4[[#This Row],[WHT]] -> 379174.69
A91: C1793 | B91: SAVIOUR | C91: ITORO | D91: WELDER | E91: AGEGE | F91: 13550 | G91: 37 | H91: M | I91: 22 | J91: 0 | K91: 24 | L91: 0 | M91: 0 | N91: =Table4[[#This Row],[Total Weekday]]*Table4[[#This Row],[Daily Rate]] -> 298100 | O91: =Table4[[#This Row],[Daily Rate]]/8*1.5*Table4[[#This Row],[Weekday OVT]] -> 0 | P91: =Table4[[#This Row],[Daily Rate]]/8*(1.5*Table4[[#This Row],[Total Saturday]]) -> 60975 | Q91: =Table4[[#This Row],[Daily Rate]]/8*(2*Table4[[#This Row],[Total Sunday]]) -> 0 | R91: =2500*Table4[[#This Row],[Night Worked]] -> 0 | S91: =500*Table4[[#This Row],[Total Weekday]] -> 11000 | Y91: =SUM(Table4[[#This Row],[Wkd Earning]:[Arrears]]) -> 370075 | Z91: =0.05*Table4[[#This Row],[Total Earnings]] -> 18503.75 | AA91: =Table4[[#This Row],[Total Earnings]] -> 370075 | AB91: =Table4[[#This Row],[Gross Salary]]-Table4[[#This Row],[WHT]] -> 351571.25
A92: C1804 | B92: UMA | C92: KALU | D92: GRINDER | E92: AGEGE | F92: 10250 | G92: 57 | H92: M | I92: 22 | J92: 4 | K92: 12 | L92: 0 | M92: 0 | N92: =Table4[[#This Row],[Total Weekday]]*Table4[[#This Row],[Daily Rate]] -> 225500 | O92: =Table4[[#This Row],[Daily Rate]]/8*1.5*Table4[[#This Row],[Weekday OVT]] -> 7687.5 | P92: =Table4[[#This Row],[Daily Rate]]/8*(1.5*Table4[[#This Row],[Total Saturday]]) -> 23062.5 | Q92: =Table4[[#This Row],[Daily Rate]]/8*(2*Table4[[#This Row],[Total Sunday]]) -> 0 | R92: =2500*Table4[[#This Row],[Night Worked]] -> 0 | S92: =500*Table4[[#This Row],[Total Weekday]] -> 11000 | Y92: =SUM(Table4[[#This Row],[Wkd Earning]:[Arrears]]) -> 267250 | Z92: =0.05*Table4[[#This Row],[Total Earnings]] -> 13362.5 | AA92: =Table4[[#This Row],[Total Earnings]] -> 267250 | AB92: =Table4[[#This Row],[Gross Salary]]-Table4[[#This Row],[WHT]] -> 253887.5
A93: C1931 | B93: EZEKIEL | C93: ABIODUN | D93: BLASTER/PAINTER | E93: AGEGE | F93: 12750 | G93: 47 | H93: M | I93: 22 | J93: 13 | K93: 44 | L93: 12 | M93: 0 | N93: =Table4[[#This Row],[Total Weekday]]*Table4[[#This Row],[Daily Rate]] -> 280500 | O93: =Table4[[#This Row],[Daily Rate]]/8*1.5*Table4[[#This Row],[Weekday OVT]] -> 31078.125 | P93: =Table4[[#This Row],[Daily Rate]]/8*(1.5*Table4[[#This Row],[Total Saturday]]) -> 105187.5 | Q93: =Table4[[#This Row],[Daily Rate]]/8*(2*Table4[[#This Row],[Total Sunday]]) -> 38250 | R93: =2500*Table4[[#This Row],[Night Worked]] -> 0 | S93: =500*Table4[[#This Row],[Total Weekday]] -> 11000 | T93: 6000 | Y93: =SUM(Table4[[#This Row],[Wkd Earning]:[Arrears]]) -> 472015.62 | Z93: =0.05*Table4[[#This Row],[Total Earnings]] -> 23600.781 | AA93: =Table4[[#This Row],[Total Earnings]] -> 472015.62 | AB93: =Table4[[#This Row],[Gross Salary]]-Table4[[#This Row],[WHT]] -> 448414.84
A94: C2015 | B94: FESTUS | C94: AMUNE | D94: FITTER | E94: AGEGE | F94: 11750 | G94: 52 | H94: M | I94: 21 | J94: 0 | K94: 0 | L94: 0 | M94: 0 | N94: =Table4[[#This Row],[Total Weekday]]*Table4[[#This Row],[Daily Rate]] -> 246750 | O94: =Table4[[#This Row],[Daily Rate]]/8*1.5*Table4[[#This Row],[Weekday OVT]] -> 0 | P94: =Table4[[#This Row],[Daily Rate]]/8*(1.5*Table4[[#This Row],[Total Saturday]]) -> 0 | Q94: =Table4[[#This Row],[Daily Rate]]/8*(2*Table4[[#This Row],[Total Sunday]]) -> 0 | R94: =2500*Table4[[#This Row],[Night Worked]] -> 0 | S94: =500*Table4[[#This Row],[Total Weekday]] -> 10500 | Y94: =SUM(Table4[[#This Row],[Wkd Earning]:[Arrears]]) -> 257250 | Z94: =0.05*Table4[[#This Row],[Total Earnings]] -> 12862.5 | AA94: =Table4[[#This Row],[Total Earnings]] -> 257250 | AB94: =Table4[[#This Row],[Gross Salary]]-Table4[[#This Row],[WHT]] -> 244387.5
A95: C2097 | B95: SUNDAY | C95: COKER | D95: BLASTER/PAINTER | E95: AGEGE | F95: 12750 | G95: 57 | H95: M | I95: 22 | J95: 13 | K95: 44 | L95: 12 | M95: 0 | N95: =Table4[[#This Row],[Total Weekday]]*Table4[[#This Row],[Daily Rate]] -> 280500 | O95: =Table4[[#This Row],[Daily Rate]]/8*1.5*Table4[[#This Row],[Weekday OVT]] -> 31078.125 | P95: =Table4[[#This Row],[Daily Rate]]/8*(1.5*Table4[[#This Row],[Total Saturday]]) -> 105187.5 | Q95: =Table4[[#This Row],[Daily Rate]]/8*(2*Table4[[#This Row],[Total Sunday]]) -> 38250 | R95: =2500*Table4[[#This Row],[Night Worked]] -> 0 | S95: =500*Table4[[#This Row],[Total Weekday]] -> 11000 | T95: 6000 | Y95: =SUM(Table4[[#This Row],[Wkd Earning]:[Arrears]]) -> 472015.62 | Z95: =0.05*Table4[[#This Row],[Total Earnings]] -> 23600.781 | AA95: =Table4[[#This Row],[Total Earnings]] -> 472015.62 | AB95: =Table4[[#This Row],[Gross Salary]]-Table4[[#This Row],[WHT]] -> 448414.84
A96: C2098 | B96: FEMI | C96: OLAITAN | D96: BLASTER/PAINTER | E96: AGEGE | F96: 12750 | G96: 45 | H96: M | I96: 22 | J96: 13 | K96: 50 | L96: 12 | M96: 0 | N96: =Table4[[#This Row],[Total Weekday]]*Table4[[#This Row],[Daily Rate]] -> 280500 | O96: =Table4[[#This Row],[Daily Rate]]/8*1.5*Table4[[#This Row],[Weekday OVT]] -> 31078.125 | P96: =Table4[[#This Row],[Daily Rate]]/8*(1.5*Table4[[#This Row],[Total Saturday]]) -> 119531.25 | Q96: =Table4[[#This Row],[Daily Rate]]/8*(2*Table4[[#This Row],[Total Sunday]]) -> 38250 | R96: =2500*Table4[[#This Row],[Night Worked]] -> 0 | S96: =500*Table4[[#This Row],[Total Weekday]] -> 11000 | Y96: =SUM(Table4[[#This Row],[Wkd Earning]:[Arrears]]) -> 480359.38 | Z96: =0.05*Table4[[#This Row],[Total Earnings]] -> 24017.969 | AA96: =Table4[[#This Row],[Total Earnings]] -> 480359.38 | AB96: =Table4[[#This Row],[Gross Salary]]-Table4[[#This Row],[WHT]] -> 456341.41
A97: C2338 | B97: OLADIPUPO | C97: AKANLE | D97: FITTER | E97: AGEGE | F97: 14050 | G97: 44 | H97: M | I97: 22 | J97: 0 | K97: 12 | L97: 0 | M97: 0 | N97: =Table4[[#This Row],[Total Weekday]]*Table4[[#This Row],[Daily Rate]] -> 309100 | O97: =Table4[[#This Row],[Daily Rate]]/8*1.5*Table4[[#This Row],[Weekday OVT]] -> 0 | P97: =Table4[[#This Row],[Daily Rate]]/8*(1.5*Table4[[#This Row],[Total Saturday]]) -> 31612.5 | Q97: =Table4[[#This Row],[Daily Rate]]/8*(2*Table4[[#This Row],[Total Sunday]]) -> 0 | R97: =2500*Table4[[#This Row],[Night Worked]] -> 0 | S97: =500*Table4[[#This Row],[Total Weekday]] -> 11000 | Y97: =SUM(Table4[[#This Row],[Wkd Earning]:[Arrears]]) -> 351712.5 | Z97: =0.05*Table4[[#This Row],[Total Earnings]] -> 17585.625 | AA97: =Table4[[#This Row],[Total Earnings]] -> 351712.5 | AB97: =Table4[[#This Row],[Gross Salary]]-Table4[[#This Row],[WHT]] -> 334126.88
A98: C2342 | B98: TAIWO | C98: OGUNBIYI | D98: CRANE OPERATOR & RIGGER | E98: AGEGE | F98: 11575 | G98: 52 | H98: M | I98: 22 | J98: 0 | K98: 24 | L98: 0 | M98: 0 | N98: =Table4[[#This Row],[Total Weekday]]*Table4[[#This Row],[Daily Rate]] -> 254650 | O98: =Table4[[#This Row],[Daily Rate]]/8*1.5*Table4[[#This Row],[Weekday OVT]] -> 0 | P98: =Table4[[#This Row],[Daily Rate]]/8*(1.5*Table4[[#This Row],[Total Saturday]]) -> 52087.5 | Q98: =Table4[[#This Row],[Daily Rate]]/8*(2*Table4[[#This Row],[Total Sunday]]) -> 0 | R98: =2500*Table4[[#This Row],[Night Worked]] -> 0 | S98: =500*Table4[[#This Row],[Total Weekday]] -> 11000 | Y98: =SUM(Table4[[#This Row],[Wkd Earning]:[Arrears]]) -> 317737.5 | Z98: =0.05*Table4[[#This Row],[Total Earnings]] -> 15886.875 | AA98: =Table4[[#This Row],[Total Earnings]] -> 317737.5 | AB98: =Table4[[#This Row],[Gross Salary]]-Table4[[#This Row],[WHT]] -> 301850.62
A99: C2343 | B99: ADESOJI | C99: ADEYEYE | D99: FITTER | E99: AGEGE | F99: 14050 | G99: 49 | H99: M | I99: 22 | J99: 0 | K99: 18 | L99: 0 | M99: 0 | N99: =Table4[[#This Row],[Total Weekday]]*Table4[[#This Row],[Daily Rate]] -> 309100 | O99: =Table4[[#This Row],[Daily Rate]]/8*1.5*Table4[[#This Row],[Weekday OVT]] -> 0 | P99: =Table4[[#This Row],[Daily Rate]]/8*(1.5*Table4[[#This Row],[Total Saturday]]) -> 47418.75 | Q99: =Table4[[#This Row],[Daily Rate]]/8*(2*Table4[[#This Row],[Total Sunday]]) -> 0 | R99: =2500*Table4[[#This Row],[Night Worked]] -> 0 | S99: =500*Table4[[#This Row],[Total Weekday]] -> 11000 | Y99: =SUM(Table4[[#This Row],[Wkd Earning]:[Arrears]]) -> 367518.75 | Z99: =0.05*Table4[[#This Row],[Total Earnings]] -> 18375.938 | AA99: =Table4[[#This Row],[Total Earnings]] -> 367518.75 | AB99: =Table4[[#This Row],[Gross Salary]]-Table4[[#This Row],[WHT]] -> 349142.81
A100: C2395 | B100: AKINGBADE | C100: AKEEM | D100: FITTER | E100: AGEGE | F100: 14050 | G100: 57 | H100: M | I100: 22 | J100: 0 | K100: 18 | L100: 0 | M100: 0 | N100: =Table4[[#This Row],[Total Weekday]]*Table4[[#This Row],[Daily Rate]] -> 309100 | O100: =Table4[[#This Row],[Daily Rate]]/8*1.5*Table4[[#This Row],[Weekday OVT]] -> 0 | P100: =Table4[[#This Row],[Daily Rate]]/8*(1.5*Table4[[#This Row],[Total Saturday]]) -> 47418.75 | Q100: =Table4[[#This Row],[Daily Rate]]/8*(2*Table4[[#This Row],[Total Sunday]]) -> 0 | R100: =2500*Table4[[#This Row],[Night Worked]] -> 0 | S100: =500*Table4[[#This Row],[Total Weekday]] -> 11000 | Y100: =SUM(Table4[[#This Row],[Wkd Earning]:[Arrears]]) -> 367518.75 | Z100: =0.05*Table4[[#This Row],[Total Earnings]] -> 18375.938 | AA100: =Table4[[#This Row],[Total Earnings]] -> 367518.75 | AB100: =Table4[[#This Row],[Gross Salary]]-Table4[[#This Row],[WHT]] -> 349142.81
A101: C2412 | B101: OYELEYE | C101: BABATUNDE | D101: FITTER | E101: AGEGE | F101: 14050 | G101: 66 | H101: M | I101: 22 | J101: 0 | K101: 12 | L101: 0 | M101: 0 | N101: =Table4[[#This Row],[Total Weekday]]*Table4[[#This Row],[Daily Rate]] -> 309100 | O101: =Table4[[#This Row],[Daily Rate]]/8*1.5*Table4[[#This Row],[Weekday OVT]] -> 0 | P101: =Table4[[#This Row],[Daily Rate]]/8*(1.5*Table4[[#This Row],[Total Saturday]]) -> 31612.5 | Q101: =Table4[[#This Row],[Daily Rate]]/8*(2*Table4[[#This Row],[Total Sunday]]) -> 0 | R101: =2500*Table4[[#This Row],[Night Worked]] -> 0 | S101: =500*Table4[[#This Row],[Total Weekday]] -> 11000 | Y101: =SUM(Table4[[#This Row],[Wkd Earning]:[Arrears]]) -> 351712.5 | Z101: =0.05*Table4[[#This Row],[Total Earnings]] -> 17585.625 | AA101: =Table4[[#This Row],[Total Earnings]] -> 351712.5 | AB101: =Table4[[#This Row],[Gross Salary]]-Table4[[#This Row],[WHT]] -> 334126.88
A102: C2431 | B102: EZEBIRO | C102: EMEKA | D102: MECHANIC | E102: AGEGE | F102: 10250 | G102: 45 | H102: M | I102: 22 | J102: 66 | K102: 52 | L102: 24 | M102: 14 | N102: =Table4[[#This Row],[Total Weekday]]*Table4[[#This Row],[Daily Rate]] -> 225500 | O102: =Table4[[#This Row],[Daily Rate]]/8*1.5*Table4[[#This Row],[Weekday OVT]] -> 126843.75 | P102: =Table4[[#This Row],[Daily Rate]]/8*(1.5*Table4[[#This Row],[Total Saturday]]) -> 99937.5 | Q102: =Table4[[#This Row],[Daily Rate]]/8*(2*Table4[[#This Row],[Total Sunday]]) -> 61500 | R102: =2500*Table4[[#This Row],[Night Worked]] -> 35000 | S102: =500*Table4[[#This Row],[Total Weekday]] -> 11000 | Y102: =SUM(Table4[[#This Row],[Wkd Earning]:[Arrears]]) -> 559781.25 | Z102: =0.05*Table4[[#This Row],[Total Earnings]] -> 27989.062 | AA102: =Table4[[#This Row],[Total Earnings]] -> 559781.25 | AB102: =Table4[[#This Row],[Gross Salary]]-Table4[[#This Row],[WHT]] -> 531792.19
A103: C2460 | B103: AKPO | C103: JACOB | D103: ELECTRICIAN | E103: AGEGE | F103: 10250 | G103: 50 | H103: M | I103: 22 | J103: 68 | K103: 52 | L103: 37 | M103: 0 | N103: =Table4[[#This Row],[Total Weekday]]*Table4[[#This Row],[Daily Rate]] -> 225500 | O103: =Table4[[#This Row],[Daily Rate]]/8*1.5*Table4[[#This Row],[Weekday OVT]] -> 130687.5 | P103: =Table4[[#This Row],[Daily Rate]]/8*(1.5*Table4[[#This Row],[Total Saturday]]) -> 99937.5 | Q103: =Table4[[#This Row],[Daily Rate]]/8*(2*Table4[[#This Row],[Total Sunday]]) -> 94812.5 | R103: =2500*Table4[[#This Row],[Night Worked]] -> 0 | S103: =500*Table4[[#This Row],[Total Weekday]] -> 11000 | Y103: =SUM(Table4[[#This Row],[Wkd Earning]:[Arrears]]) -> 561937.5 | Z103: =0.05*Table4[[#This Row],[Total Earnings]] -> 28096.875 | AA103: =Table4[[#This Row],[Total Earnings]] -> 561937.5 | AB103: =Table4[[#This Row],[Gross Salary]]-Table4[[#This Row],[WHT]] -> 533840.62
A104: C2484 | B104: ONUOHA | C104: OBINNA | D104: FITTER | E104: AGEGE | F104: 14050 | G104: 49 | H104: M | I104: 22 | J104: 0 | K104: 24 | L104: 8 | M104: 0 | N104: =Table4[[#This Row],[Total Weekday]]*Table4[[#This Row],[Daily Rate]] -> 309100 | O104: =Table4[[#This Row],[Daily Rate]]/8*1.5*Table4[[#This Row],[Weekday OVT]] -> 0 | P104: =Table4[[#This Row],[Daily Rate]]/8*(1.5*Table4[[#This Row],[Total Saturday]]) -> 63225 | Q104: =Table4[[#This Row],[Daily Rate]]/8*(2*Table4[[#This Row],[Total Sunday]]) -> 28100 | R104: =2500*Table4[[#This Row],[Night Worked]] -> 0 | S104: =500*Table4[[#This Row],[Total Weekday]] -> 11000 | Y104: =SUM(Table4[[#This Row],[Wkd Earning]:[Arrears]]) -> 411425 | Z104: =0.05*Table4[[#This Row],[Total Earnings]] -> 20571.25 | AA104: =Table4[[#This Row],[Total Earnings]] -> 411425 | AB104: =Table4[[#This Row],[Gross Salary]]-Table4[[#This Row],[WHT]] -> 390853.75
A105: C2491 | B105: AYODELE | C105: OGUNYEMI | D105: FITTER | E105: AGEGE | F105: 14050 | G105: 71 | H105: M | I105: 22 | J105: 0 | K105: 18 | L105: 0 | M105: 0 | N105: =Table4[[#This Row],[Total Weekday]]*Table4[[#This Row],[Daily Rate]] -> 309100 | O105: =Table4[[#This Row],[Daily Rate]]/8*1.5*Table4[[#This Row],[Weekday OVT]] -> 0 | P105: =Table4[[#This Row],[Daily Rate]]/8*(1.5*Table4[[#This Row],[Total Saturday]]) -> 47418.75 | Q105: =Table4[[#This Row],[Daily Rate]]/8*(2*Table4[[#This Row],[Total Sunday]]) -> 0 | R105: =2500*Table4[[#This Row],[Night Worked]] -> 0 | S105: =500*Table4[[#This Row],[Total Weekday]] -> 11000 | Y105: =SUM(Table4[[#This Row],[Wkd Earning]:[Arrears]]) -> 367518.75 | Z105: =0.05*Table4[[#This Row],[Total Earnings]] -> 18375.938 | AA105: =Table4[[#This Row],[Total Earnings]] -> 367518.75 | AB105: =Table4[[#This Row],[Gross Salary]]-Table4[[#This Row],[WHT]] -> 349142.81
A106: C2516 | B106: NDUBUISI | C106: OZILI | D106: RIGGER | E106: AGEGE | F106: 11575 | G106: 43 | H106: M | I106: 22 | J106: 0 | K106: 24 | L106: 0 | M106: 0 | N106: =Table4[[#This Row],[Total Weekday]]*Table4[[#This Row],[Daily Rate]] -> 254650 | O106: =Table4[[#This Row],[Daily Rate]]/8*1.5*Table4[[#This Row],[Weekday OVT]] -> 0 | P106: =Table4[[#This Row],[Daily Rate]]/8*(1.5*Table4[[#This Row],[Total Saturday]]) -> 52087.5 | Q106: =Table4[[#This Row],[Daily Rate]]/8*(2*Table4[[#This Row],[Total Sunday]]) -> 0 | R106: =2500*Table4[[#This Row],[Night Worked]] -> 0 | S106: =500*Table4[[#This Row],[Total Weekday]] -> 11000 | Y106: =SUM(Table4[[#This Row],[Wkd Earning]:[Arrears]]) -> 317737.5 | Z106: =0.05*Table4[[#This Row],[Total Earnings]] -> 15886.875 | AA106: =Table4[[#This Row],[Total Earnings]] -> 317737.5 | AB106: =Table4[[#This Row],[Gross Salary]]-Table4[[#This Row],[WHT]] -> 301850.62
A107: C2523 | B107: OMOGBOLAHAN | C107: RASAK | D107: ELECTRICIAN | E107: AGEGE | F107: 10250 | G107: 30 | H107: M | I107: 22 | J107: 59 | K107: 51 | L107: 22 | M107: 7 | N107: =Table4[[#This Row],[Total Weekday]]*Table4[[#This Row],[Daily Rate]] -> 225500 | O107: =Table4[[#This Row],[Daily Rate]]/8*1.5*Table4[[#This Row],[Weekday OVT]] -> 113390.62 | P107: =Table4[[#This Row],[Daily Rate]]/8*(1.5*Table4[[#This Row],[Total Saturday]]) -> 98015.625 | Q107: =Table4[[#This Row],[Daily Rate]]/8*(2*Table4[[#This Row],[Total Sunday]]) -> 56375 | R107: =2500*Table4[[#This Row],[Night Worked]] -> 17500 | S107: =500*Table4[[#This Row],[Total Weekday]] -> 11000 | Y107: =SUM(Table4[[#This Row],[Wkd Earning]:[Arrears]]) -> 521781.25 | Z107: =0.05*Table4[[#This Row],[Total Earnings]] -> 26089.062 | AA107: =Table4[[#This Row],[Total Earnings]] -> 521781.25 | AB107: =Table4[[#This Row],[Gross Salary]]-Table4[[#This Row],[WHT]] -> 495692.19
... A125: C1926 | B125: NZEDURU | C125: NGOZIKA | D125: 3G WELDER | E125: AGEGE | F125: 13550 | G125: 44 | H125: M | I125: 21 | J125: 0 | K125: 24 | L125: 0 | M125: 0 | N125: =Table4[[#This Row],[Total Weekday]]*Table4[[#This Row],[Daily Rate]] -> 284550 | O125: =Table4[[#This Row],[Daily Rate]]/8*1.5*Table4[[#This Row],[Weekday OVT]] -> 0 | P125: =Table4[[#This Row],[Daily Rate]]/8*(1.5*Table4[[#This Row],[Total Saturday]]) -> 60975 | Q125: =Table4[[#This Row],[Daily Rate]]/8*(2*Table4[[#This Row],[Total Sunday]]) -> 0 | R125: =2500*Table4[[#This Row],[Night Worked]] -> 0 | S125: =500*Table4[[#This Row],[Total Weekday]] -> 10500 | Y125: =SUM(Table4[[#This Row],[Wkd Earning]:[Arrears]]) -> 356025 | Z125: =0.05*Table4[[#This Row],[Total Earnings]] -> 17801.25 | AA125: =Table4[[#This Row],[Total Earnings]] -> 356025 | AB125: =Table4[[#This Row],[Gross Salary]]-Table4[[#This Row],[WHT]] -> 338223.75
A126: C2663 | B126: JEREMIAH | C126: DAVID | D126: 3G WELDER | E126: AGEGE | F126: 20100 | G126: 82 | H126: M | I126: 22 | J126: 18 | K126: 30 | L126: 0 | M126: 0 | N126: =Table4[[#This Row],[Total Weekday]]*Table4[[#This Row],[Daily Rate]] -> 442200 | O126: =Table4[[#This Row],[Daily Rate]]/8*1.5*Table4[[#This Row],[Weekday OVT]] -> 67837.5 | P126: =Table4[[#This Row],[Daily Rate]]/8*(1.5*Table4[[#This Row],[Total Saturday]]) -> 113062.5 | Q126: =Table4[[#This Row],[Daily Rate]]/8*(2*Table4[[#This Row],[Total Sunday]]) -> 0 | R126: =2500*Table4[[#This Row],[Night Worked]] -> 0 | S126: =500*Table4[[#This Row],[Total Weekday]] -> 11000 | X126: 34650 | Y126: =SUM(Table4[[#This Row],[Wkd Earning]:[Arrears]]) -> 668750 | Z126: =0.05*Table4[[#This Row],[Total Earnings]] -> 33437.5 | AA126: =Table4[[#This Row],[Total Earnings]] -> 668750 | AB126: =Table4[[#This Row],[Gross Salary]]-Table4[[#This Row],[WHT]] -> 635312.5
A127: C2690 | B127: PETER | C127: OJO | D127: FITTER | E127: AGEGE | F127: 14050 | G127: 41 | H127: M | I127: 22 | J127: 0 | K127: 24 | L127: 0 | M127: 0 | N127: =Table4[[#This Row],[Total Weekday]]*Table4[[#This Row],[Daily Rate]] -> 309100 | O127: =Table4[[#This Row],[Daily Rate]]/8*1.5*Table4[[#This Row],[Weekday OVT]] -> 0 | P127: =Table4[[#This Row],[Daily Rate]]/8*(1.5*Table4[[#This Row],[Total Saturday]]) -> 63225 | Q127: =Table4[[#This Row],[Daily Rate]]/8*(2*Table4[[#This Row],[Total Sunday]]) -> 0 | R127: =2500*Table4[[#This Row],[Night Worked]] -> 0 | S127: =500*Table4[[#This Row],[Total Weekday]] -> 11000 | Y127: =SUM(Table4[[#This Row],[Wkd Earning]:[Arrears]]) -> 383325 | Z127: =0.05*Table4[[#This Row],[Total Earnings]] -> 19166.25 | AA127: =Table4[[#This Row],[Total Earnings]] -> 383325 | AB127: =Table4[[#This Row],[Gross Salary]]-Table4[[#This Row],[WHT]] -> 364158.75
...

Sheet DLPC
A1: Emp. Code | B1: First Name | C1: Last Name | D1: Job Title | E1: Daily Rate | F1: Age | G1: Gender | H1: Total Weekday | I1: Weekday OVT | J1: Total Saturday | K1: Total Sunday | L1: Public Holiday | M1: Night Worked | N1: Wkd Earning | O1: Wkd Ovt Amt | P1: Sat Ovt Amt | Q1: Sun Ovt Amt | R1: PH Amt | S1: Night Amt | T1: Meal Allowance | U1: Transport | V1: Total Earnings | W1: WHT | X1: Gross Salary | Y1: Net Pay
A2: C2408 | B2: LAWRENCE | C2: ANTHONY | D2: SKIMMER TECHNICIAN | E2: 10000 | F2: 48 | G2: M | H2: 22 | I2: 4 | J2: 0 | K2: 0 | M2: 0 | N2: =Table52[[#This Row],[Total Weekday]]*Table52[[#This Row],[Daily Rate]] -> 220000 | O2: =Table52[[#This Row],[Daily Rate]]/8*(1.5*Table52[[#This Row],[Weekday OVT]]) -> 7500 | P2: =Table52[[#This Row],[Daily Rate]]/8*(1.5*Table52[[#This Row],[Total Saturday]]) -> 0 | Q2: =Table52[[#This Row],[Daily Rate]]/8*(2*Table52[[#This Row],[Total Sunday]]) -> 0 | R2: =Table52[[#This Row],[Daily Rate]]/8*(2*Table52[[#This Row],[Public Holiday]]) -> 0 | S2: =1100*Table52[[#This Row],[Night Worked]] -> 0 | T2: =500*Table52[[#This Row],[Total Weekday]] -> 11000 | U2: 0 | V2: =SUM(Table52[[#This Row],[Wkd Earning]:[Transport]]) -> 238500 | W2: =0.05*Table52[[#This Row],[Total Earnings]] -> 11925 | X2: =Table52[[#This Row],[Total Earnings]] -> 238500 | Y2: =Table52[[#This Row],[Gross Salary]]-Table52[[#This Row],[WHT]] -> 226575
A3: C2443 | B3: ADEBIYI | C3: GANIYU | D3: KETTLE | E3: 9500 | F3: 37 | G3: M | H3: 21 | I3: 0 | J3: 6 | K3: 0 | M3: 0 | N3: =Table52[[#This Row],[Total Weekday]]*Table52[[#This Row],[Daily Rate]] -> 199500 | O3: =Table52[[#This Row],[Daily Rate]]/8*(1.5*Table52[[#This Row],[Weekday OVT]]) -> 0 | P3: =Table52[[#This Row],[Daily Rate]]/8*(1.5*Table52[[#This Row],[Total Saturday]]) -> 10687.5 | Q3: =Table52[[#This Row],[Daily Rate]]/8*(2*Table52[[#This Row],[Total Sunday]]) -> 0 | R3: =Table52[[#This Row],[Daily Rate]]/8*(2*Table52[[#This Row],[Public Holiday]]) -> 0 | S3: =1100*Table52[[#This Row],[Night Worked]] -> 0 | T3: =500*Table52[[#This Row],[Total Weekday]] -> 10500 | U3: 0 | V3: =SUM(Table52[[#This Row],[Wkd Earning]:[Transport]]) -> 220687.5 | W3: =0.05*Table52[[#This Row],[Total Earnings]] -> 11034.375 | X3: =Table52[[#This Row],[Total Earnings]] -> 220687.5 | Y3: =Table52[[#This Row],[Gross Salary]]-Table52[[#This Row],[WHT]] -> 209653.12
A4: C2506 | B4: MICHEAL | C4: ONOJA | D4: KETTLE | E4: 9500 | F4: 29 | G4: M | H4: 22 | I4: 2 | J4: 0 | K4: 0 | M4: 0 | N4: =Table52[[#This Row],[Total Weekday]]*Table52[[#This Row],[Daily Rate]] -> 209000 | O4: =Table52[[#This Row],[Daily Rate]]/8*(1.5*Table52[[#This Row],[Weekday OVT]]) -> 3562.5 | P4: =Table52[[#This Row],[Daily Rate]]/8*(1.5*Table52[[#This Row],[Total Saturday]]) -> 0 | Q4: =Table52[[#This Row],[Daily Rate]]/8*(2*Table52[[#This Row],[Total Sunday]]) -> 0 | R4: =Table52[[#This Row],[Daily Rate]]/8*(2*Table52[[#This Row],[Public Holiday]]) -> 0 | S4: =1100*Table52[[#This Row],[Night Worked]] -> 0 | T4: =500*Table52[[#This Row],[Total Weekday]] -> 11000 | U4: 0 | V4: =SUM(Table52[[#This Row],[Wkd Earning]:[Transport]]) -> 223562.5 | W4: =0.05*Table52[[#This Row],[Total Earnings]] -> 11178.125 | X4: =Table52[[#This Row],[Total Earnings]] -> 223562.5 | Y4: =Table52[[#This Row],[Gross Salary]]-Table52[[#This Row],[WHT]] -> 212384.38
A5: C2512 | B5: SUNDAY | C5: OVAT | D5: QC ASSISTANCE | E5: 8600 | F5: 25 | G5: M | H5: 22 | I5: 28 | J5: 14 | K5: 0 | M5: 0 | N5: =Table52[[#This Row],[Total Weekday]]*Table52[[#This Row],[Daily Rate]] -> 189200 | O5: =Table52[[#This Row],[Daily Rate]]/8*(1.5*Table52[[#This Row],[Weekday OVT]]) -> 45150 | P5: =Table52[[#This Row],[Daily Rate]]/8*(1.5*Table52[[#This Row],[Total Saturday]]) -> 22575 | Q5: =Table52[[#This Row],[Daily Rate]]/8*(2*Table52[[#This Row],[Total Sunday]]) -> 0 | R5: =Table52[[#This Row],[Daily Rate]]/8*(2*Table52[[#This Row],[Public Holiday]]) -> 0 | S5: =1100*Table52[[#This Row],[Night Worked]] -> 0 | T5: =500*Table52[[#This Row],[Total Weekday]] -> 11000 | U5: 0 | V5: =SUM(Table52[[#This Row],[Wkd Earning]:[Transport]]) -> 267925 | W5: =0.05*Table52[[#This Row],[Total Earnings]] -> 13396.25 | X5: =Table52[[#This Row],[Total Earnings]] -> 267925 | Y5: =Table52[[#This Row],[Gross Salary]]-Table52[[#This Row],[WHT]] -> 254528.75
A6: C2396 | B6: MUSBAU | C6: AKINDELE | D6: KETTLE | E6: 9500 | F6: 37 | G6: M | H6: 22 | I6: 2 | J6: 0 | K6: 0 | M6: 0 | N6: =Table52[[#This Row],[Total Weekday]]*Table52[[#This Row],[Daily Rate]] -> 209000 | O6: =Table52[[#This Row],[Daily Rate]]/8*(1.5*Table52[[#This Row],[Weekday OVT]]) -> 3562.5 | P6: =Table52[[#This Row],[Daily Rate]]/8*(1.5*Table52[[#This Row],[Total Saturday]]) -> 0 | Q6: =Table52[[#This Row],[Daily Rate]]/8*(2*Table52[[#This Row],[Total Sunday]]) -> 0 | R6: =Table52[[#This Row],[Daily Rate]]/8*(2*Table52[[#This Row],[Public Holiday]]) -> 0 | S6: =1100*Table52[[#This Row],[Night Worked]] -> 0 | T6: =500*Table52[[#This Row],[Total Weekday]] -> 11000 | U6: 0 | V6: =SUM(Table52[[#This Row],[Wkd Earning]:[Transport]]) -> 223562.5 | W6: =0.05*Table52[[#This Row],[Total Earnings]] -> 11178.125 | X6: =Table52[[#This Row],[Total Earnings]] -> 223562.5 | Y6: =Table52[[#This Row],[Gross Salary]]-Table52[[#This Row],[WHT]] -> 212384.38
A7: C2394 | B7: AHMED | C7: IDOWU | D7: KETTLE | E7: 9500 | F7: 34 | G7: M | H7: 22 | I7: 6 | J7: 6 | K7: 0 | M7: 0 | N7: =Table52[[#This Row],[Total Weekday]]*Table52[[#This Row],[Daily Rate]] -> 209000 | O7: =Table52[[#This Row],[Daily Rate]]/8*(1.5*Table52[[#This Row],[Weekday OVT]]) -> 10687.5 | P7: =Table52[[#This Row],[Daily Rate]]/8*(1.5*Table52[[#This Row],[Total Saturday]]) -> 10687.5 | Q7: =Table52[[#This Row],[Daily Rate]]/8*(2*Table52[[#This Row],[Total Sunday]]) -> 0 | R7: =Table52[[#This Row],[Daily Rate]]/8*(2*Table52[[#This Row],[Public Holiday]]) -> 0 | S7: =1100*Table52[[#This Row],[Night Worked]] -> 0 | T7: =500*Table52[[#This Row],[Total Weekday]] -> 11000 | U7: 0 | V7: =SUM(Table52[[#This Row],[Wkd Earning]:[Transport]]) -> 241375 | W7: =0.05*Table52[[#This Row],[Total Earnings]] -> 12068.75 | X7: =Table52[[#This Row],[Total Earnings]] -> 241375 | Y7: =Table52[[#This Row],[Gross Salary]]-Table52[[#This Row],[WHT]] -> 229306.25
A8: C2522 | B8: RASAK | C8: JAMIU | D8: KETTLE | E8: 9500 | F8: 42 | G8: M | H8: 22 | I8: 6 | J8: 6 | K8: 0 | M8: 0 | N8: =Table52[[#This Row],[Total Weekday]]*Table52[[#This Row],[Daily Rate]] -> 209000 | O8: =Table52[[#This Row],[Daily Rate]]/8*(1.5*Table52[[#This Row],[Weekday OVT]]) -> 10687.5 | P8: =Table52[[#This Row],[Daily Rate]]/8*(1.5*Table52[[#This Row],[Total Saturday]]) -> 10687.5 | Q8: =Table52[[#This Row],[Daily Rate]]/8*(2*Table52[[#This Row],[Total Sunday]]) -> 0 | R8: =Table52[[#This Row],[Daily Rate]]/8*(2*Table52[[#This Row],[Public Holiday]]) -> 0 | S8: =1100*Table52[[#This Row],[Night Worked]] -> 0 | T8: =500*Table52[[#This Row],[Total Weekday]] -> 11000 | U8: 0 | V8: =SUM(Table52[[#This Row],[Wkd Earning]:[Transport]]) -> 241375 | W8: =0.05*Table52[[#This Row],[Total Earnings]] -> 12068.75 | X8: =Table52[[#This Row],[Total Earnings]] -> 241375 | Y8: =Table52[[#This Row],[Gross Salary]]-Table52[[#This Row],[WHT]] -> 229306.25
A9: =SUBTOTAL(103,Table52[Emp. Code]) -> 7 | E9: =SUBTOTAL(109,Table52[Daily Rate]) -> 66100 | H9: =SUBTOTAL(109,Table52[Total Weekday]) -> 153 | I9: =SUBTOTAL(109,Table52[Weekday OVT]) -> 48 | J9: =SUBTOTAL(109,Table52[Total Saturday]) -> 32 | N9: =SUBTOTAL(109,Table52[Wkd Earning]) -> 1444700 | O9: =SUBTOTAL(109,Table52[Wkd Ovt Amt]) -> 81150 | P9: =SUBTOTAL(109,Table52[Sat Ovt Amt]) -> 54637.5 | Q9: =SUBTOTAL(109,Table52[Sun Ovt Amt]) -> 0 | R9: =SUBTOTAL(109,Table52[PH Amt]) -> 0 | S9: =SUBTOTAL(109,Table52[Night Amt]) -> 0 | T9: =SUBTOTAL(109,Table52[Meal Allowance]) -> 76500 | U9: =SUBTOTAL(109,Table52[Transport]) -> 0 | V9: =SUBTOTAL(109,Table52[Total Earnings]) -> 1656987.5 | W9: =SUBTOTAL(109,Table52[WHT]) -> 82849.375 | X9: =SUBTOTAL(109,Table52[Gross Salary]) -> 1656987.5 | Y9: =SUBTOTAL(109,Table52[Net Pay]) -> 1574138.1

Sheet DLE BANK SCHD
A1: Employee Bank Details
A2: Employee Code | B2: Employee Name | C2: Bank | D2: Account No | E2: Sort Code | F2: NET Salary
A3: C0129 | B3: KALU AGWU OKWARA OKWARA | C3: Fidelity Bank Plc | D3: 4020099243 | E3: 070150003 | F3: =_xlfn.XLOOKUP(Table13[[#This Row],[Employee Code]],DLE!A:A,DLE!AB:AB) -> 311089.38
A4: C0293 | B4: OLANIYAN OLAKUNLE | C4: Guaranty Trust Bank Plc | D4: 0128756772 | E4: 058152052 | F4: =_xlfn.XLOOKUP(Table13[[#This Row],[Employee Code]],DLE!A:A,DLE!AB:AB) -> 461492.19
A5: C0585 | B5: FEMI BELLO | C5: Access Bank Plc | D5: 0000214630 | E5: 044150149 | F5: =_xlfn.XLOOKUP(Table13[[#This Row],[Employee Code]],DLE!A:A,DLE!AB:AB) -> 349030
A6: C0974 | B6: ETUERI STEPHEN | C6: Zenith Bank Plc | D6: 2082484750 | E6: 1 | F6: =_xlfn.XLOOKUP(Table13[[#This Row],[Employee Code]],DLE!A:A,DLE!AB:AB) -> 383515
A7: C1035 | B7: EJEH DONATUS | C7: Guaranty Trust Bank Plc | D7: 0147788781 | E7: 058152052 | F7: =_xlfn.XLOOKUP(Table13[[#This Row],[Employee Code]],DLE!A:A,DLE!AB:AB) -> 308708.44
A8: C1065 | B8: OGHENERIE VINCENT | C8: Fidelity Bank Plc | D8: 6050577180 | E8: 070150003 | F8: =_xlfn.XLOOKUP(Table13[[#This Row],[Employee Code]],DLE!A:A,DLE!AB:AB) -> 336629.53
A9: C1144 | B9: OGWUA CHRIS | C9: Fidelity Bank Plc | D9: 6231398469 | E9: 070150003 | F9: =_xlfn.XLOOKUP(Table13[[#This Row],[Employee Code]],DLE!A:A,DLE!AB:AB) -> 298472.19
A10: C1162 | B10: ADEKOYA ADEWALE | C10: Polaris Bank | D10: 3011580494 | E10: 076151006 | F10: =_xlfn.XLOOKUP(Table13[[#This Row],[Employee Code]],DLE!A:A,DLE!AB:AB) -> 669304.69
A11: C1491 | B11: VINCENT NNAMDI | C11: Fidelity Bank Plc | D11: 4020099542 | E11: 070150003 | F11: =_xlfn.XLOOKUP(Table13[[#This Row],[Employee Code]],DLE!A:A,DLE!AB:AB) -> 242932.81
A12: C1533 | B12: OKEKE VINCENT | C12: Stanbic IBTC Bank Plc | D12: 0033804939 | E12: 221150014 | F12: =_xlfn.XLOOKUP(Table13[[#This Row],[Employee Code]],DLE!A:A,DLE!AB:AB) -> 344850
A13: C1612 | B13: MBAMARA RICHARD | C13: Fidelity Bank Plc | D13: 6237537987 | E13: 070150003 | F13: =_xlfn.XLOOKUP(Table13[[#This Row],[Employee Code]],DLE!A:A,DLE!AB:AB) -> 471675
A14: C1705 | B14: ROTIMI MATTHEW | C14: Guaranty Trust Bank Plc | D14: 0212808307 | E14: 058152052 | F14: =_xlfn.XLOOKUP(Table13[[#This Row],[Employee Code]],DLE!A:A,DLE!AB:AB) -> 454396.88
... A178: C2087 | B178: NKANU THOMPSON | C178: United Bank for Africa Plc | D178: 2039233996 | E178: 033150011 | F178: =_xlfn.XLOOKUP(Table13[[#This Row],[Employee Code]],DLE!A:A,DLE!AB:AB) -> 334126.88
A179: C2822 | B179: EBIALE VINCENT | F179: =_xlfn.XLOOKUP(Table13[[#This Row],[Employee Code]],DLE!A:A,DLE!AB:AB) -> 155948.44
A180: C2825 | B180: ISMAIL AKANDE | C180: United Bank for Africa Plc | D180: 2382677353 | F180: =_xlfn.XLOOKUP(Table13[[#This Row],[Employee Code]],DLE!A:A,DLE!AB:AB) -> 186188.12
A181: C2096 | B181: SUNDAY OWOLABI | C181: Zenith Bank Plc | D181: 2266705437 | F181: =_xlfn.XLOOKUP(Table13[[#This Row],[Employee Code]],DLE!A:A,DLE!AB:AB) -> 62937.5
A182: C2827 | B182: CHARLES AKAKA | C182: Zenith Bank Plc | D182: 2193745140 | F182: =_xlfn.XLOOKUP(Table13[[#This Row],[Employee Code]],DLE!A:A,DLE!AB:AB) -> 62937.5
A183: C2826 | B183: TUNDE OYEWOLE | C183: Fidelity Bank Plc | D183: 6160491811 | F183: =_xlfn.XLOOKUP(Table13[[#This Row],[Employee Code]],DLE!A:A,DLE!AB:AB) -> 62937.5
A184: =SUBTOTAL(103,Table13[Employee Code]) -> 181 | F184: =SUBTOTAL(109,Table13[NET Salary]) -> 64985862

Sheet DLPC.BANK.SCHD
A1: Employee Bank Details
A2: Employee Code | B2: Employee Name | C2: Bank | D2: Account No | E2: Sort Code | F2: NET Salary | G2: Location
A3: C2394 | B3: HAMMED IDOWU | C3: Guaranty Trust Bank Plc | D3: 0729570216 | E3: 058152052 | F3: =_xlfn.XLOOKUP(Table146[[#This Row],[Employee Code]],Table52[Emp. Code],Table52[Net Pay]) -> 229306.25 | G3: AGEGE - AGEGE
A4: C2396 | B4: AKINDELE MUSBAU | C4: Fidelity Bank Plc | D4: 5330178152 | E4: 070150003 | F4: =_xlfn.XLOOKUP(Table146[[#This Row],[Employee Code]],Table52[Emp. Code],Table52[Net Pay]) -> 212384.38 | G4: AGEGE - AGEGE
A5: C2408 | B5: ANTHONY LAWRENCE | C5: Guaranty Trust Bank Plc | D5: 0742476502 | E5: 058152052 | F5: =_xlfn.XLOOKUP(Table146[[#This Row],[Employee Code]],Table52[Emp. Code],Table52[Net Pay]) -> 226575 | G5: AGEGE - AGEGE
A6: C2443 | B6: GANIYU ADEBIYI | C6: Guaranty Trust Bank Plc | D6: 0254241197 | E6: 058152052 | F6: =_xlfn.XLOOKUP(Table146[[#This Row],[Employee Code]],Table52[Emp. Code],Table52[Net Pay]) -> 209653.12 | G6: AGEGE - AGEGE
A7: C2506 | B7: ONOJA MICHAEL | C7: Guaranty Trust Bank Plc | D7: 0797313568 | E7: 058152052 | F7: =_xlfn.XLOOKUP(Table146[[#This Row],[Employee Code]],Table52[Emp. Code],Table52[Net Pay]) -> 212384.38 | G7: AGEGE - AGEGE
A8: C2512 | B8: OVAT SUNDAY | C8: Zenith Bank Plc | D8: 4243185836 | E8: 1 | F8: =_xlfn.XLOOKUP(Table146[[#This Row],[Employee Code]],Table52[Emp. Code],Table52[Net Pay]) -> 254528.75 | G8: AGEGE - AGEGE
A9: C2522 | B9: RASAK JAMIU | C9: Guaranty Trust Bank Plc | D9: 0743000458 | E9: 058152052 | F9: =_xlfn.XLOOKUP(Table146[[#This Row],[Employee Code]],Table52[Emp. Code],Table52[Net Pay]) -> 229306.25 | G9: AGEGE - AGEGE
A10: =SUBTOTAL(103,Table146[Employee Code]) -> 7 | F10: =SUBTOTAL(109,Table146[NET Salary]) -> 1574138.1
